frame_idx,timestamp_s,ground_truth_u,ground_truth_v,velocity_px_s,acceleration_px_s2,beacon_shape,beacon_size_px,intensity_adu,rain_intensity,occulted,distractor_count,sp_noise_prob,stage_id
0,0.0,320.199,241.445,0.0,0.0,SQUARE_BOX,10.0,245.0,0.0,0,0,0.005,1
1,0.0333,325.468,246.99,229.49,6884.76,SQUARE_BOX,10.0,245.0,0.0,0,0,0.005,1
2,0.0667,331.786,253.202,265.8,1117.65,SQUARE_BOX,10.0,245.0,0.0,0,0,0.005,1
3,0.1,336.163,258.24,200.24,2040.11,SQUARE_BOX,10.0,245.0,0.0,0,0,0.005,1
4,0.1333,341.716,265.138,265.66,1979.65,SQUARE_BOX,10.0,245.0,0.0,0,0,0.005,1
5,0.1667,345.55,271.653,226.77,1585.39,SQUARE_BOX,10.0,245.0,0.0,0,0,0.005,1
6,0.2,350.296,279.196,267.36,1237.23,SQUARE_BOX,10.0,245.0,0.0,0,0,0.005,1
7,0.2333,354.982,286.495,260.19,226.87,SQUARE_BOX,10.0,245.0,0.0,0,0,0.005,1
8,0.2667,361.947,294.217,311.98,2087.09,SQUARE_BOX,10.0,245.0,0.0,0,0,0.005,1
9,0.3,369.183,301.422,306.34,524.61,SQUARE_BOX,10.0,245.0,0.0,0,0,0.005,1
10,0.3333,376.992,308.329,312.78,582.03,SQUARE_BOX,10.0,245.0,0.0,0,0,0.005,1
11,0.3667,384.088,314.598,284.04,862.06,SQUARE_BOX,10.0,245.0,0.0,0,0,0.005,1
12,0.4,390.57,319.147,237.57,1642.94,SQUARE_BOX,10.0,245.0,0.0,0,0,0.005,1
13,0.4333,396.176,322.625,197.92,1245.54,SQUARE_BOX,10.0,245.0,0.0,0,0,0.005,1
14,0.4667,402.893,325.519,219.43,1129.77,SQUARE_BOX,10.0,245.0,0.0,0,0,0.005,1
15,0.5,407.855,327.889,164.95,1649.52,SQUARE_BOX,10.0,245.0,0.0,0,0,0.005,1
16,0.5333,413.372,329.415,171.73,909.57,SQUARE_BOX,10.0,245.0,0.0,0,0,0.005,1
17,0.5667,419.013,330.225,170.98,653.89,SQUARE_BOX,10.0,245.0,0.0,0,0,0.005,1
18,0.6,426.583,329.024,229.92,2507.15,SQUARE_BOX,10.0,245.0,0.0,0,0,0.005,1
19,0.6333,433.126,328.328,197.4,1029.38,SQUARE_BOX,10.0,245.0,0.0,0,0,0.005,1
20,0.6667,440.093,324.768,234.71,2605.83,SQUARE_BOX,10.0,245.0,0.0,0,0,0.005,1
21,0.7,446.42,318.83,260.34,2216.69,SQUARE_BOX,10.0,245.0,0.0,0,0,0.005,1
22,0.7333,451.132,312.328,240.89,1540.92,SQUARE_BOX,10.0,245.0,0.0,0,0,0.005,1
23,0.7667,455.311,303.628,289.52,2034.25,SQUARE_BOX,10.0,245.0,0.0,0,0,0.005,1
24,0.8,456.967,291.914,354.94,3538.53,SQUARE_BOX,10.0,245.0,0.0,0,0,0.005,1
25,0.8333,460.101,280.159,364.95,1331.0,SQUARE_BOX,10.0,245.0,0.0,0,0,0.005,1
26,0.8667,462.277,267.294,391.44,1321.2,SQUARE_BOX,10.0,245.0,0.0,0,0,0.005,1
27,0.9,465.331,255.226,373.46,1068.22,SQUARE_BOX,10.0,245.0,0.0,0,0,0.005,1
28,0.9333,467.46,240.313,451.94,2693.09,SQUARE_BOX,10.0,245.0,0.0,0,0,0.005,1
29,0.9667,469.558,227.486,389.91,1878.39,SQUARE_BOX,10.0,245.0,0.0,0,0,0.005,1
30,1.0,469.338,212.941,436.39,2596.39,SQUARE_BOX,10.0,245.0,0.0,0,0,0.005,1
31,1.0333,468.72,198.716,427.16,460.05,SQUARE_BOX,10.0,245.0,0.0,0,0,0.005,1
32,1.0667,466.419,185.075,415.02,1602.67,SQUARE_BOX,10.0,245.0,0.0,0,0,0.005,1
33,1.1,462.106,171.009,441.36,1850.21,SQUARE_BOX,10.0,245.0,0.0,0,0,0.005,1
34,1.1333,456.755,158.267,414.6,1514.72,SQUARE_BOX,10.0,245.0,0.0,0,0,0.005,1
35,1.1667,451.366,147.919,350.02,2154.23,SQUARE_BOX,10.0,245.0,0.0,0,0,0.005,1
36,1.2,445.24,140.222,295.14,2476.56,SQUARE_BOX,10.0,245.0,0.0,0,0,0.005,1
37,1.2333,438.374,135.007,258.65,2331.61,SQUARE_BOX,10.0,245.0,0.0,0,0,0.005,1
38,1.2667,431.383,134.393,210.53,4141.99,SQUARE_BOX,10.0,245.0,0.0,0,0,0.005,1
39,1.3,422.961,135.416,254.53,1957.35,SQUARE_BOX,10.0,245.0,0.0,0,0,0.005,1
40,1.3333,412.478,140.324,347.24,3957.17,SQUARE_BOX,10.0,245.0,0.0,0,0,0.005,1
41,1.3667,401.111,149.488,438.03,3912.49,SQUARE_BOX,10.0,245.0,0.0,0,0,0.005,1
42,1.4,386.421,160.989,559.7,3656.24,SQUARE_BOX,10.0,245.0,0.0,0,0,0.005,1
43,1.4333,372.538,173.95,569.79,1499.6,SQUARE_BOX,10.0,245.0,0.0,0,0,0.005,1
44,1.4667,356.764,189.827,671.41,3127.62,SQUARE_BOX,10.0,245.0,0.0,0,0,0.005,1
45,1.5,341.505,209.464,746.08,3415.52,SQUARE_BOX,10.0,245.0,0.0,0,0,0.005,1
46,1.5333,327.293,228.398,710.24,1135.67,SQUARE_BOX,10.0,245.0,0.0,0,0,0.005,1
47,1.5667,311.151,249.878,806.06,2874.7,SQUARE_BOX,10.0,245.0,0.0,0,0,0.005,1
48,1.6,296.386,271.864,794.53,1319.72,SQUARE_BOX,10.0,245.0,0.0,0,0,0.005,1
49,1.6333,280.419,293.546,807.79,1115.05,SQUARE_BOX,10.0,245.0,0.0,0,0,0.005,1
50,1.6667,263.163,313.128,783.01,2218.24,SQUARE_BOX,10.0,245.0,0.0,0,0,0.005,1
51,1.7,246.922,330.414,711.56,2259.34,SQUARE_BOX,10.0,245.0,0.0,0,0,0.005,1
52,1.7333,228.666,343.672,676.87,4052.92,SQUARE_BOX,10.0,245.0,0.0,0,0,0.005,1
53,1.7667,213.15,353.613,552.81,3872.69,SQUARE_BOX,10.0,245.0,0.0,0,0,0.005,1
54,1.8,197.703,355.865,468.31,6920.29,SQUARE_BOX,10.0,245.0,0.0,0,0,0.005,1
55,1.8333,185.261,355.004,374.17,3893.47,SQUARE_BOX,10.0,245.0,0.0,0,0,0.005,1
56,1.8667,173.378,346.953,430.6,6490.32,SQUARE_BOX,10.0,245.0,0.0,0,0,0.005,1
57,1.9,163.873,334.788,463.15,4277.9,SQUARE_BOX,10.0,245.0,0.0,0,0,0.005,1
58,1.9333,155.334,318.497,551.8,3813.04,SQUARE_BOX,10.0,245.0,0.0,0,0,0.005,1
59,1.9667,148.275,296.846,683.18,5004.5,SQUARE_BOX,10.0,245.0,0.0,0,0,0.005,1
60,2.0,142.844,273.553,717.54,2080.98,SQUARE_BOX,10.0,245.0,0.0,0,0,0.005,1
61,2.0333,138.865,246.909,808.17,3286.72,SQUARE_BOX,10.0,245.0,0.0,0,0,0.005,1
62,2.0667,137.842,220.588,790.22,2676.44,SQUARE_BOX,10.0,245.0,0.0,0,0,0.005,1
63,2.1,139.079,192.417,845.95,2628.08,SQUARE_BOX,10.0,245.0,0.0,0,0,0.005,1
64,2.1333,143.561,167.151,769.8,3920.77,SQUARE_BOX,10.0,245.0,0.0,0,0,0.005,1
65,2.1667,152.192,144.4,730.02,4365.9,SQUARE_BOX,10.0,245.0,0.0,0,0,0.005,1
66,2.2,162.535,127.671,590.02,5635.15,SQUARE_BOX,10.0,245.0,0.0,0,0,0.005,1
67,2.2333,177.044,116.325,552.56,6126.2,SQUARE_BOX,10.0,245.0,0.0,0,0,0.005,1
68,2.2667,192.487,113.016,473.82,7282.87,SQUARE_BOX,10.0,245.0,0.0,0,0,0.005,1
69,2.3,209.691,118.989,546.32,8502.25,SQUARE_BOX,10.0,245.0,0.0,0,0,0.005,1
70,2.3333,228.736,131.819,688.9,6389.58,SQUARE_BOX,10.0,245.0,0.0,0,0,0.005,1
71,2.3667,248.26,152.321,849.33,6918.24,SQUARE_BOX,10.0,245.0,0.0,0,0,0.005,1
72,2.4,270.76,179.426,1056.81,6518.74,SQUARE_BOX,10.0,245.0,0.0,0,0,0.005,1
73,2.4333,295.356,209.871,1174.18,3549.2,SQUARE_BOX,10.0,245.0,0.0,0,0,0.005,1
74,2.4667,321.126,243.625,1273.99,3159.24,SQUARE_BOX,10.0,245.0,0.0,0,0,0.005,1
75,2.5,347.736,277.126,1283.51,790.29,SQUARE_BOX,10.0,245.0,0.0,0,0,0.005,1
76,2.5333,374.861,308.531,1244.91,1942.51,SQUARE_BOX,10.0,245.0,0.0,0,0,0.005,1
77,2.5667,400.405,335.344,1110.98,4370.66,SQUARE_BOX,10.0,245.0,0.0,0,0,0.005,1
78,2.6,424.5,356.288,957.77,5440.2,SQUARE_BOX,10.0,245.0,0.0,0,0,0.005,1
79,2.6333,446.576,368.733,760.27,7862.38,SQUARE_BOX,10.0,245.0,0.0,0,0,0.005,1
80,2.6667,466.911,371.862,617.25,8529.32,SQUARE_BOX,10.0,245.0,0.0,0,0,0.005,1
81,2.7,484.693,365.204,569.62,9103.22,SQUARE_BOX,10.0,245.0,0.0,0,0,0.005,1
82,2.7333,498.508,348.52,649.84,9704.46,SQUARE_BOX,10.0,245.0,0.0,0,0,0.005,1
83,2.7667,511.106,322.769,860.01,8232.78,SQUARE_BOX,10.0,245.0,0.0,0,0,0.005,1
84,2.8,519.924,288.609,1058.41,8298.29,SQUARE_BOX,10.0,245.0,0.0,0,0,0.005,1
85,2.8333,525.366,249.307,1190.32,5535.98,SQUARE_BOX,10.0,245.0,0.0,0,0,0.005,1
86,2.8667,526.26,209.894,1182.68,4094.12,SQUARE_BOX,10.0,245.0,0.0,0,0,0.005,1
87,2.9,521.264,169.685,1215.56,5350.06,SQUARE_BOX,10.0,245.0,0.0,0,0,0.005,1
88,2.9333,511.883,137.138,1016.15,7945.43,SQUARE_BOX,10.0,245.0,0.0,0,0,0.005,1
89,2.9667,497.355,112.844,849.2,8753.44,SQUARE_BOX,10.0,245.0,0.0,0,0,0.005,1
90,3.0,138.638,290.475,12008.64,359143.56,SQUARE_BOX,10.0,234.6,0.15,0,0,0.01,2
91,3.0333,131.626,279.405,393.12,359216.2,SQUARE_BOX,10.0,234.5,0.154,0,0,0.01,2
92,3.0667,128.786,268.71,331.99,3769.54,SQUARE_BOX,10.0,234.3,0.158,0,0,0.011,2
93,3.1,126.056,260.47,260.41,2212.24,SQUARE_BOX,10.0,234.2,0.162,0,0,0.011,2
94,3.1333,130.184,250.642,319.79,6335.52,SQUARE_BOX,10.0,234.0,0.166,0,0,0.012,2
95,3.1667,131.491,236.564,424.16,4591.75,SQUARE_BOX,10.0,233.9,0.169,0,0,0.012,2
96,3.2,135.061,222.513,434.91,2037.31,SQUARE_BOX,10.0,233.8,0.173,0,0,0.013,2
97,3.2333,135.093,207.446,452.01,3312.74,SQUARE_BOX,10.0,233.6,0.177,0,0,0.013,2
98,3.2667,130.807,193.89,426.52,4118.07,SQUARE_BOX,10.0,233.5,0.181,0,0,0.014,2
99,3.3,131.049,184.192,291.04,5354.16,SQUARE_BOX,10.0,233.3,0.185,0,0,0.014,2
100,3.3333,134.759,176.236,263.36,3493.0,SQUARE_BOX,10.0,233.2,0.189,0,0,0.014,2
101,3.3667,139.61,166.917,315.18,1599.51,SQUARE_BOX,10.0,233.1,0.193,0,0,0.015,2
102,3.4,147.594,158.35,351.32,2899.97,SQUARE_BOX,10.0,232.9,0.197,0,0,0.015,2
103,3.4333,150.803,150.448,255.87,4339.01,SQUARE_BOX,10.0,232.8,0.201,0,0,0.016,2
104,3.4667,153.015,138.256,371.72,3963.49,SQUARE_BOX,10.0,232.6,0.204,0,0,0.016,2
105,3.5,152.79,130.517,232.29,4567.16,SQUARE_BOX,10.0,232.5,0.208,0,0,0.017,2
106,3.5333,156.087,124.45,207.14,3508.01,SQUARE_BOX,10.0,232.4,0.212,0,0,0.017,2
107,3.5667,162.523,119.686,240.21,3058.92,SQUARE_BOX,10.0,232.2,0.216,0,0,0.018,2
108,3.6,172.64,117.17,312.77,3882.79,SQUARE_BOX,10.0,232.1,0.22,0,0,0.018,2
109,3.6333,180.98,119.585,260.48,4717.15,SQUARE_BOX,10.0,231.9,0.224,0,0,0.018,2
110,3.6667,187.028,116.851,199.11,5072.7,SQUARE_BOX,10.0,231.8,0.228,0,0,0.019,2
111,3.7,191.727,116.682,141.08,2607.55,SQUARE_BOX,10.0,231.7,0.232,0,0,0.019,2
112,3.7333,193.274,117.693,55.44,3030.17,SQUARE_BOX,10.0,231.5,0.236,0,0,0.02,2
113,3.7667,201.264,116.132,244.24,6244.42,SQUARE_BOX,10.0,231.4,0.239,0,0,0.02,2
114,3.8,211.22,120.853,330.56,5924.42,SQUARE_BOX,10.0,231.2,0.243,0,0,0.021,2
115,3.8333,222.727,126.292,381.83,1537.96,SQUARE_BOX,10.0,231.1,0.247,0,0,0.021,2
116,3.8667,233.439,135.486,423.5,3455.21,SQUARE_BOX,10.0,231.0,0.251,0,0,0.022,2
117,3.9,240.854,144.829,357.82,2970.76,SQUARE_BOX,10.0,230.8,0.255,0,0,0.022,2
118,3.9333,245.269,154.451,317.6,2711.23,SQUARE_BOX,10.0,230.7,0.259,0,0,0.022,2
119,3.9667,253.323,161.433,319.77,4046.45,SQUARE_BOX,10.0,230.5,0.263,0,0,0.023,2
120,4.0,259.034,168.89,281.78,2151.12,SQUARE_BOX,10.0,230.4,0.267,0,0,0.023,2
121,4.0333,272.578,177.047,474.32,7077.03,SQUARE_BOX,10.0,230.3,0.271,0,0,0.024,2
122,4.0667,285.216,187.377,489.69,2117.66,SQUARE_BOX,10.0,230.1,0.274,0,0,0.024,2
123,4.1,295.58,200.418,499.73,3186.12,SQUARE_BOX,10.0,230.0,0.278,0,0,0.025,2
124,4.1333,303.023,215.171,495.71,3046.23,SQUARE_BOX,10.0,229.8,0.282,0,0,0.025,2
125,4.1667,308.673,231.358,514.35,2066.37,SQUARE_BOX,10.0,229.7,0.286,0,0,0.026,2
126,4.2,317.115,242.44,417.94,5236.41,SQUARE_BOX,10.0,229.6,0.29,0,0,0.026,2
127,4.2333,327.131,254.309,465.9,1583.78,SQUARE_BOX,10.0,229.4,0.294,0,0,0.026,2
128,4.2667,339.125,263.076,445.7,3310.76,SQUARE_BOX,10.0,229.3,0.298,0,0,0.027,2
129,4.3,350.742,273.797,474.24,1790.5,SQUARE_BOX,10.0,229.1,0.302,0,0,0.027,2
130,4.3333,360.065,284.528,426.48,2064.54,SQUARE_BOX,10.0,229.0,0.306,0,0,0.028,2
131,4.3667,368.716,297.734,473.6,2307.98,SQUARE_BOX,10.0,228.9,0.309,0,0,0.028,2
132,4.4,372.808,311.419,428.51,4124.5,SQUARE_BOX,10.0,228.7,0.313,0,0,0.029,2
133,4.4333,379.904,324.061,434.91,2861.91,SQUARE_BOX,10.0,228.6,0.317,0,0,0.029,2
134,4.4667,392.159,332.538,447.03,5966.38,SQUARE_BOX,10.0,228.4,0.321,0,0,0.03,2
135,4.5,402.573,337.198,342.28,3814.24,SQUARE_BOX,10.0,228.3,0.325,0,0,0.03,2
136,4.5333,413.865,342.928,379.88,1245.76,SQUARE_BOX,10.0,228.2,0.329,0,0,0.03,2
137,4.5667,424.205,348.754,356.05,861.3,SQUARE_BOX,10.0,228.0,0.333,0,0,0.031,2
138,4.6,426.001,353.364,148.43,7767.04,SQUARE_BOX,10.0,227.9,0.337,0,0,0.031,2
139,4.6333,432.237,359.98,272.76,4385.16,SQUARE_BOX,10.0,227.7,0.341,0,0,0.032,2
140,4.6667,436.764,364.534,192.63,2410.64,SQUARE_BOX,10.0,227.6,0.344,0,0,0.032,2
141,4.7,446.863,367.627,316.87,5184.47,SQUARE_BOX,10.0,227.5,0.348,0,0,0.033,2
142,4.7333,458.654,367.946,353.84,2924.46,SQUARE_BOX,10.0,227.3,0.352,0,0,0.033,2
143,4.7667,466.178,365.307,239.2,4672.86,SQUARE_BOX,10.0,227.2,0.356,0,0,0.034,2
144,4.8,470.917,360.408,204.48,3226.71,SQUARE_BOX,10.0,227.0,0.36,0,0,0.034,2
145,4.8333,472.854,354.105,197.82,2821.93,SQUARE_BOX,10.0,226.9,0.364,0,0,0.034,2
146,4.8667,475.762,352.616,98.02,4420.51,SQUARE_BOX,10.0,226.8,0.368,0,0,0.035,2
147,4.9,481.879,346.185,266.27,5303.41,SQUARE_BOX,10.0,226.6,0.372,0,0,0.035,2
148,4.9333,488.736,341.879,242.91,2026.3,SQUARE_BOX,10.0,226.5,0.376,0,0,0.036,2
149,4.9667,498.041,337.264,311.6,2220.52,SQUARE_BOX,10.0,226.3,0.379,0,0,0.036,2
150,5.0,500.339,327.292,307.0,7939.03,SQUARE_BOX,10.0,226.2,0.383,0,0,0.037,2
151,5.0333,502.775,316.828,322.31,459.78,SQUARE_BOX,10.0,226.1,0.387,0,0,0.037,2
152,5.0667,499.929,304.051,392.72,5190.19,SQUARE_BOX,10.0,225.9,0.391,0,0,0.038,2
153,5.1,500.802,290.621,403.74,3397.73,SQUARE_BOX,10.0,225.8,0.395,0,0,0.038,2
154,5.1333,504.956,280.519,327.69,4206.2,SQUARE_BOX,10.0,225.6,0.399,0,0,0.038,2
155,5.1667,508.531,269.816,338.53,751.02,SQUARE_BOX,10.0,225.5,0.403,0,0,0.039,2
156,5.2,512.058,261.006,284.69,1704.63,SQUARE_BOX,10.0,225.4,0.407,0,0,0.039,2
157,5.2333,513.543,248.716,371.38,3632.26,SQUARE_BOX,10.0,225.2,0.411,0,0,0.04,2
158,5.2667,510.285,236.419,381.63,4267.9,SQUARE_BOX,10.0,225.1,0.414,0,0,0.04,2
159,5.3,507.628,221.579,452.27,2351.8,SQUARE_BOX,10.0,224.9,0.418,0,0,0.041,2
160,5.3333,504.412,206.793,453.96,506.34,SQUARE_BOX,10.0,224.8,0.422,0,0,0.041,2
161,5.3667,503.441,193.906,387.71,2647.16,SQUARE_BOX,10.0,224.7,0.426,0,0,0.042,2
162,5.4,507.432,183.866,324.11,5148.52,SQUARE_BOX,10.0,224.5,0.43,0,0,0.042,2
163,5.4333,507.635,173.572,308.89,3417.27,SQUARE_BOX,10.0,224.4,0.434,0,0,0.042,2
164,5.4667,501.98,166.905,262.26,6200.15,SQUARE_BOX,10.0,224.2,0.438,0,0,0.043,2
165,5.5,496.853,157.647,317.5,2379.4,SQUARE_BOX,10.0,224.1,0.442,0,0,0.043,2
166,5.5333,490.706,147.64,352.32,1138.43,SQUARE_BOX,10.0,224.0,0.446,0,0,0.044,2
167,5.5667,486.539,137.681,323.86,1783.09,SQUARE_BOX,10.0,223.8,0.449,0,0,0.044,2
168,5.6,482.843,127.517,324.46,462.52,SQUARE_BOX,10.0,223.7,0.453,0,0,0.045,2
169,5.6333,481.328,123.07,140.93,5507.42,SQUARE_BOX,10.0,223.5,0.457,0,0,0.045,2
170,5.6667,477.703,119.743,147.61,2148.48,SQUARE_BOX,10.0,223.4,0.461,0,0,0.046,2
171,5.7,470.392,119.378,219.62,4256.99,SQUARE_BOX,10.0,223.3,0.465,0,0,0.046,2
172,5.7333,461.911,117.269,262.18,1890.49,SQUARE_BOX,10.0,223.1,0.469,0,0,0.046,2
173,5.7667,452.035,118.279,297.82,3075.72,SQUARE_BOX,10.0,223.0,0.473,0,0,0.047,2
174,5.8,446.45,118.427,167.6,3939.47,SQUARE_BOX,10.0,222.8,0.477,0,0,0.047,2
175,5.8333,441.884,117.385,140.51,1409.66,SQUARE_BOX,10.0,222.7,0.481,0,0,0.048,2
176,5.8667,438.454,116.097,109.9,1046.27,SQUARE_BOX,10.0,222.6,0.484,0,0,0.048,2
177,5.9,430.57,119.881,262.36,6074.96,SQUARE_BOX,10.0,222.4,0.488,0,0,0.049,2
178,5.9333,420.427,126.448,362.5,3226.19,SQUARE_BOX,10.0,222.3,0.492,0,0,0.049,2
179,5.9667,409.166,137.099,465.01,3810.38,SQUARE_BOX,10.0,222.1,0.496,0,0,0.05,2
180,6.0,323.181,455.701,9900.03,285198.45,SQUARE_BOX,10.0,230.0,0.85,0,0,0.04,3
181,6.0333,329.735,462.181,276.49,292996.42,SQUARE_BOX,10.0,230.0,0.85,0,0,0.04,3
182,6.0667,342.637,465.03,396.38,6581.39,SQUARE_BOX,10.0,230.0,0.85,0,0,0.04,3
183,6.1,363.143,466.462,616.67,6961.42,SQUARE_BOX,10.0,230.0,0.85,0,0,0.04,3
184,6.1333,381.041,458.183,591.6,9049.62,SQUARE_BOX,10.0,230.0,0.85,0,0,0.04,3
185,6.1667,394.392,450.55,461.39,4132.52,SQUARE_BOX,10.0,230.0,0.85,0,0,0.04,3
186,6.2,401.835,447.402,242.43,6676.67,SQUARE_BOX,10.0,230.0,0.85,0,0,0.04,3
187,6.2333,410.208,448.288,252.59,3726.07,SQUARE_BOX,10.0,230.0,0.85,0,0,0.04,3
188,6.2667,426.569,447.34,491.65,7376.11,SQUARE_BOX,10.0,230.0,0.85,0,0,0.04,3
189,6.3,446.76,440.323,641.26,6458.71,SQUARE_BOX,10.0,230.0,0.85,0,0,0.04,3
190,6.3333,458.667,429.379,485.18,8249.98,SQUARE_BOX,10.0,230.0,0.85,0,0,0.04,3
191,6.3667,468.414,419.836,409.23,2317.47,SQUARE_BOX,10.0,230.0,0.85,0,0,0.04,3
192,6.4,475.334,414.539,261.45,4590.75,SQUARE_BOX,10.0,230.0,0.85,0,0,0.04,3
193,6.4333,485.855,413.711,316.6,5165.59,SQUARE_BOX,10.0,230.0,0.85,0,0,0.04,3
194,6.4667,501.414,407.163,506.43,6860.44,SQUARE_BOX,10.0,230.0,0.85,0,0,0.04,3
195,6.5,519.496,396.765,625.74,4142.09,SQUARE_BOX,10.0,230.0,0.85,0,0,0.04,3
196,6.5333,526.472,384.668,418.93,10111.34,SQUARE_BOX,10.0,230.0,0.85,0,0,0.04,3
197,6.5667,530.022,371.969,395.57,3130.22,SQUARE_BOX,10.0,230.0,0.85,0,0,0.04,3
198,6.6,537.763,364.853,315.44,6283.36,SQUARE_BOX,10.0,230.0,0.85,0,0,0.04,3
199,6.6333,550.694,360.631,408.08,5346.67,SQUARE_BOX,10.0,230.0,0.85,0,0,0.04,3
200,6.6667,565.261,350.592,530.74,5437.9,SQUARE_BOX,10.0,230.0,0.85,0,0,0.04,3
201,6.7,574.139,340.655,399.74,5121.46,SQUARE_BOX,10.0,230.0,0.85,0,0,0.04,3
202,6.7333,578.35,325.991,457.7,5978.84,SQUARE_BOX,10.0,230.0,0.85,0,0,0.04,3
203,6.7667,578.579,308.821,515.16,4234.65,SQUARE_BOX,10.0,230.0,0.85,0,0,0.04,3
204,6.8,587.275,298.693,400.47,9911.66,SQUARE_BOX,10.0,230.0,0.85,0,0,0.04,3
205,6.8333,597.215,294.927,318.89,5834.93,SQUARE_BOX,10.0,230.0,0.85,0,0,0.04,3
206,6.8667,607.851,287.039,397.26,3763.4,SQUARE_BOX,10.0,230.0,0.85,0,0,0.04,3
207,6.9,607.925,271.615,462.71,11676.66,SQUARE_BOX,10.0,230.0,0.85,0,0,0.04,3
208,6.9333,606.615,255.063,498.12,1606.88,SQUARE_BOX,10.0,230.0,0.85,0,0,0.04,3
209,6.9667,608.904,239.034,485.75,3272.82,SQUARE_BOX,10.0,230.0,0.85,0,0,0.04,3
210,7.0,616.521,228.175,397.92,6681.85,SQUARE_BOX,10.0,230.0,0.85,0,0,0.04,3
211,7.0333,622.292,226.035,184.65,8020.08,SQUARE_BOX,10.0,230.0,0.85,0,0,0.04,3
212,7.0667,623.575,214.586,345.61,9300.11,SQUARE_BOX,10.0,230.0,0.85,0,0,0.04,3
213,7.1,616.372,199.972,488.76,8150.44,SQUARE_BOX,10.0,230.0,0.85,0,0,0.04,3
214,7.1333,613.68,183.614,497.36,4352.24,SQUARE_BOX,10.0,230.0,0.85,0,0,0.04,3
215,7.1667,615.86,169.668,423.47,4893.65,SQUARE_BOX,10.0,230.0,0.85,0,0,0.04,3
216,7.2,620.657,162.63,255.5,6648.97,SQUARE_BOX,10.0,230.0,0.85,0,0,0.04,3
217,7.2333,622.264,155.252,226.53,2887.23,SQUARE_BOX,10.0,230.0,0.85,0,0,0.04,3
218,7.2667,616.817,147.135,293.29,6384.1,SQUARE_BOX,10.0,230.0,0.85,0,0,0.04,3
219,7.3,607.645,134.263,474.16,5435.21,SQUARE_BOX,10.0,230.0,0.85,0,0,0.04,3
220,7.3333,602.422,119.769,462.19,3841.46,SQUARE_BOX,10.0,230.0,0.85,0,0,0.04,3
221,7.3667,603.664,106.399,402.83,5906.4,SQUARE_BOX,10.0,230.0,0.85,0,0,0.04,3
222,7.4,603.629,100.259,184.19,6608.25,SQUARE_BOX,10.0,230.0,0.85,0,0,0.04,3
223,7.4333,594.46,96.631,295.82,8526.02,SQUARE_BOX,10.0,230.0,0.85,0,0,0.04,3
224,7.4667,581.95,89.642,429.9,4265.19,SQUARE_BOX,10.0,230.0,0.85,0,0,0.04,3
225,7.5,572.673,76.398,485.1,6337.68,SQUARE_BOX,10.0,230.0,0.85,0,0,0.04,3
226,7.5333,567.001,65.64,364.86,3940.55,SQUARE_BOX,10.0,230.0,0.85,0,0,0.04,3
227,7.5667,566.849,54.526,333.44,4979.06,SQUARE_BOX,10.0,230.0,0.85,0,0,0.04,3
228,7.6,559.17,54.336,230.43,11939.02,SQUARE_BOX,10.0,230.0,0.85,0,0,0.04,3
229,7.6333,546.368,52.545,387.8,4830.91,SQUARE_BOX,10.0,230.0,0.85,0,0,0.04,3
230,7.6667,528.794,45.476,568.3,6404.46,SQUARE_BOX,10.0,230.0,0.85,0,0,0.04,3
231,7.7,523.266,39.41,246.21,10879.58,SQUARE_BOX,10.0,230.0,0.85,0,0,0.04,3
232,7.7333,518.644,27.014,396.88,5755.32,SQUARE_BOX,10.0,230.0,0.85,0,0,0.04,3
233,7.7667,509.59,24.107,285.29,9425.78,SQUARE_BOX,10.0,230.0,0.85,0,0,0.04,3
234,7.8,496.741,24.323,385.53,4423.24,SQUARE_BOX,10.0,230.0,0.85,0,0,0.04,3
235,7.8333,479.761,28.228,522.69,4984.68,SQUARE_BOX,10.0,230.0,0.85,0,0,0.04,3
236,7.8667,467.179,26.459,381.18,6460.69,SQUARE_BOX,10.0,230.0,0.85,0,0,0.04,3
237,7.9,459.642,19.72,303.33,6374.57,SQUARE_BOX,10.0,230.0,0.85,0,0,0.04,3
238,7.9333,451.191,14.482,298.27,1582.4,SQUARE_BOX,10.0,230.0,0.85,0,0,0.04,3
239,7.9667,435.953,13.222,458.71,7080.22,SQUARE_BOX,10.0,230.0,0.85,0,0,0.04,3
240,8.0,419.58,18.712,518.07,6160.02,SQUARE_BOX,10.0,230.0,0.85,0,0,0.04,3
241,8.0333,401.667,24.563,565.31,1422.9,SQUARE_BOX,10.0,230.0,0.85,0,0,0.04,3
242,8.0667,390.808,25.756,327.73,7607.36,SQUARE_BOX,10.0,230.0,0.85,0,0,0.04,3
243,8.1,384.929,23.375,190.31,5516.82,SQUARE_BOX,10.0,230.0,0.85,0,0,0.04,3
244,8.1333,369.861,22.546,452.72,8386.63,SQUARE_BOX,10.0,230.0,0.85,0,0,0.04,3
245,8.1667,351.937,26.104,548.21,4711.06,SQUARE_BOX,10.0,230.0,0.85,0,0,0.04,3
246,8.2,333.437,33.05,592.82,3092.8,SQUARE_BOX,10.0,230.0,0.85,0,0,0.04,3
247,8.2333,321.112,42.175,460.07,5893.14,SQUARE_BOX,10.0,230.0,0.85,0,0,0.04,3
248,8.2667,312.352,47.297,304.44,4824.07,SQUARE_BOX,10.0,230.0,0.85,0,0,0.04,3
249,8.3,301.178,48.315,336.59,4285.76,SQUARE_BOX,10.0,230.0,0.85,0,0,0.04,3
250,8.3333,284.249,52.007,519.81,5712.22,SQUARE_BOX,10.0,230.0,0.85,0,0,0.04,3
251,8.3667,265.102,58.438,605.96,3172.61,SQUARE_BOX,10.0,230.0,0.85,0,0,0.04,3
252,8.4,250.645,72.387,602.66,7973.92,SQUARE_BOX,10.0,230.0,0.85,0,0,0.04,3
253,8.4333,238.356,80.924,448.92,5245.82,SQUARE_BOX,10.0,230.0,0.85,0,0,0.04,3
254,8.4667,231.179,90.483,358.58,4692.53,SQUARE_BOX,10.0,230.0,0.85,0,0,0.04,3
255,8.5,217.567,94.733,427.82,7508.74,SQUARE_BOX,10.0,230.0,0.85,0,0,0.04,3
256,8.5333,197.199,100.468,634.79,6224.68,SQUARE_BOX,10.0,230.0,0.85,0,0,0.04,3
257,8.5667,183.396,111.901,537.7,7823.68,SQUARE_BOX,10.0,230.0,0.85,0,0,0.04,3
258,8.6,173.396,125.011,494.63,3740.36,SQUARE_BOX,10.0,230.0,0.85,0,0,0.04,3
259,8.6333,168.464,138.455,429.63,4570.98,SQUARE_BOX,10.0,230.0,0.85,0,0,0.04,3
260,8.6667,158.996,146.722,377.08,6195.78,SQUARE_BOX,10.0,230.0,0.85,0,0,0.04,3
261,8.7,144.423,152.929,475.19,4953.95,SQUARE_BOX,10.0,230.0,0.85,0,0,0.04,3
262,8.7333,125.814,159.604,593.08,3656.36,SQUARE_BOX,10.0,230.0,0.85,0,0,0.04,3
263,8.7667,115.561,175.784,574.66,11390.19,SQUARE_BOX,10.0,230.0,0.85,0,0,0.04,3
264,8.8,112.847,192.599,510.98,6809.01,SQUARE_BOX,10.0,230.0,0.85,0,0,0.04,3
265,8.8333,104.214,205.82,473.7,6231.65,SQUARE_BOX,10.0,230.0,0.85,0,0,0.04,3
266,8.8667,94.0,214.207,396.48,4578.24,SQUARE_BOX,10.0,230.0,0.85,0,0,0.04,3
267,8.9,78.965,220.192,485.46,4846.42,SQUARE_BOX,10.0,230.0,0.85,0,0,0.04,3
268,8.9333,66.584,230.503,483.38,4566.87,SQUARE_BOX,10.0,230.0,0.85,0,0,0.04,3
269,8.9667,63.015,244.627,437.03,8641.48,SQUARE_BOX,10.0,230.0,0.85,0,0,0.04,3
270,9.0,188.947,318.327,4377.37,128292.47,SQUARE_BOX,10.0,245.0,0.7,0,4,0.025,4
271,9.0333,192.837,322.725,176.15,126310.7,SQUARE_BOX,10.0,245.0,0.7,0,4,0.025,4
272,9.0667,198.085,328.022,223.7,1465.72,SQUARE_BOX,10.0,245.0,0.7,0,4,0.025,4
273,9.1,205.102,333.189,261.41,1595.69,SQUARE_BOX,10.0,245.0,0.7,0,4,0.025,4
274,9.1333,213.504,337.178,279.02,1636.31,SQUARE_BOX,10.0,245.0,0.7,0,4,0.025,4
275,9.1667,222.305,339.458,272.76,1579.54,SQUARE_BOX,10.0,245.0,0.7,0,4,0.025,4
276,9.2,230.419,340.285,244.68,1447.1,SQUARE_BOX,10.0,245.0,0.7,0,4,0.025,4
277,9.2333,237.208,340.566,203.85,1289.25,SQUARE_BOX,10.0,245.0,0.7,0,4,0.025,4
278,9.2667,242.807,341.394,169.79,1178.75,SQUARE_BOX,10.0,245.0,0.7,0,4,0.025,4
279,9.3,248.045,343.479,169.13,1177.22,SQUARE_BOX,10.0,245.0,0.7,0,4,0.025,4
280,9.3333,254.013,346.784,204.67,1280.05,SQUARE_BOX,10.0,245.0,0.7,0,4,0.025,4
281,9.3667,261.497,350.542,251.22,1423.23,SQUARE_BOX,10.0,245.0,0.7,0,4,0.025,4
282,9.4,270.563,353.647,287.49,1541.06,SQUARE_BOX,10.0,245.0,0.7,0,4,0.025,4
283,9.4333,280.52,355.221,302.42,1593.6,SQUARE_BOX,10.0,245.0,0.7,0,4,0.025,4
284,9.4667,290.265,355.067,292.38,1567.61,SQUARE_BOX,10.0,245.0,0.7,0,4,0.025,4
285,9.5,298.842,353.764,260.27,1473.57,SQUARE_BOX,10.0,245.0,0.7,0,4,0.025,4
286,9.5333,305.928,352.374,216.64,1344.12,SQUARE_BOX,10.0,245.0,0.7,0,4,0.025,4
287,9.5667,311.991,351.891,182.44,1231.33,SQUARE_BOX,10.0,245.0,0.7,0,4,0.025,4
288,9.6,318.037,352.731,183.14,1191.06,SQUARE_BOX,10.0,245.0,0.7,0,4,0.025,4
289,9.6333,325.093,354.519,218.36,1245.78,SQUARE_BOX,10.0,245.0,0.7,0,4,0.025,4
290,9.6667,333.663,356.279,262.49,1363.8,SQUARE_BOX,10.0,245.0,0.7,0,4,0.025,4
291,9.7,343.468,356.938,294.81,1488.27,SQUARE_BOX,10.0,245.0,0.7,0,4,0.025,4
292,9.7333,353.576,355.878,304.9,1571.26,SQUARE_BOX,10.0,245.0,0.7,0,4,0.025,4
293,9.7667,362.877,353.253,289.92,1585.17,SQUARE_BOX,10.0,245.0,0.7,0,4,0.025,4
294,9.8,370.644,349.911,253.66,1524.06,SQUARE_BOX,10.0,245.0,0.7,0,4,0.025,4
295,9.8333,376.899,346.959,207.51,1404.71,SQUARE_BOX,10.0,245.0,0.7,0,4,0.025,4
296,9.8667,382.396,345.196,173.19,1268.99,SQUARE_BOX,10.0,245.0,0.7,0,4,0.025,4
297,9.9,388.224,344.702,175.47,1180.38,SQUARE_BOX,10.0,245.0,0.7,0,4,0.025,4
298,9.9333,395.24,344.8,210.49,1194.08,SQUARE_BOX,10.0,245.0,0.7,0,4,0.025,4
299,9.9667,403.62,344.404,251.69,1306.34,SQUARE_BOX,10.0,245.0,0.7,0,4,0.025,4
300,10.0,412.765,342.581,279.74,1456.8,SQUARE_BOX,10.0,245.0,0.7,0,4,0.025,4
301,10.0333,421.598,339.033,285.56,1578.52,SQUARE_BOX,10.0,245.0,0.7,0,4,0.025,4
302,10.0667,429.111,334.249,267.21,1625.95,SQUARE_BOX,10.0,245.0,0.7,0,4,0.025,4
303,10.1,434.881,329.263,228.78,1580.34,SQUARE_BOX,10.0,245.0,0.7,0,4,0.025,4
304,10.1333,439.274,325.117,181.22,1451.4,SQUARE_BOX,10.0,245.0,0.7,0,4,0.025,4
305,10.1667,443.257,322.334,145.75,1281.65,SQUARE_BOX,10.0,245.0,0.7,0,4,0.025,4
306,10.2,447.89,320.651,147.87,1149.67,SQUARE_BOX,10.0,245.0,0.7,0,4,0.025,4
307,10.2333,453.777,319.156,182.24,1141.89,SQUARE_BOX,10.0,245.0,0.7,0,4,0.025,4
308,10.2667,460.752,316.761,221.23,1270.03,SQUARE_BOX,10.0,245.0,0.7,0,4,0.025,4
309,10.3,467.953,312.764,247.08,1455.15,SQUARE_BOX,10.0,245.0,0.7,0,4,0.025,4
310,10.3333,474.267,307.218,252.13,1607.99,SQUARE_BOX,10.0,245.0,0.7,0,4,0.025,4
311,10.3667,478.892,300.899,234.9,1671.18,SQUARE_BOX,10.0,245.0,0.7,0,4,0.025,4
312,10.4,481.747,294.921,198.75,1622.01,SQUARE_BOX,10.0,245.0,0.7,0,4,0.025,4
313,10.4333,483.51,290.159,152.33,1471.75,SQUARE_BOX,10.0,245.0,0.7,0,4,0.025,4
314,10.4667,485.261,286.809,113.43,1270.28,SQUARE_BOX,10.0,245.0,0.7,0,4,0.025,4
315,10.5,487.931,284.287,110.16,1112.95,SQUARE_BOX,10.0,245.0,0.7,0,4,0.025,4
316,10.5333,491.81,281.539,142.64,1108.26,SQUARE_BOX,10.0,245.0,0.7,0,4,0.025,4
317,10.5667,496.404,277.581,181.9,1263.85,SQUARE_BOX,10.0,245.0,0.7,0,4,0.025,4
318,10.6,500.679,272.015,210.54,1475.37,SQUARE_BOX,10.0,245.0,0.7,0,4,0.025,4
319,10.6333,503.595,265.236,221.4,1640.46,SQUARE_BOX,10.0,245.0,0.7,0,4,0.025,4
320,10.6667,504.635,258.231,212.44,1700.38,SQUARE_BOX,10.0,245.0,0.7,0,4,0.025,4
321,10.7,504.07,252.082,185.24,1636.03,SQUARE_BOX,10.0,245.0,0.7,0,4,0.025,4
322,10.7333,502.821,247.41,145.08,1465.06,SQUARE_BOX,10.0,245.0,0.7,0,4,0.025,4
323,10.7667,501.98,244.062,103.57,1246.75,SQUARE_BOX,10.0,245.0,0.7,0,4,0.025,4
324,10.8,502.248,241.195,86.39,1089.08,SQUARE_BOX,10.0,245.0,0.7,0,4,0.025,4
325,10.8333,503.58,237.714,111.82,1104.62,SQUARE_BOX,10.0,245.0,0.7,0,4,0.025,4
326,10.8667,505.199,232.838,154.12,1280.93,SQUARE_BOX,10.0,245.0,0.7,0,4,0.025,4
327,10.9,506.003,226.511,191.34,1498.35,SQUARE_BOX,10.0,245.0,0.7,0,4,0.025,4
328,10.9333,505.129,219.43,214.04,1655.85,SQUARE_BOX,10.0,245.0,0.7,0,4,0.025,4
329,10.9667,502.397,212.696,218.02,1700.99,SQUARE_BOX,10.0,245.0,0.7,0,4,0.025,4
330,11.0,498.405,207.25,202.57,1621.67,SQUARE_BOX,10.0,245.0,0.7,0,4,0.025,4
331,11.0333,494.222,203.396,170.62,1442.7,SQUARE_BOX,10.0,245.0,0.7,0,4,0.025,4
332,11.0667,490.843,200.647,130.67,1230.01,SQUARE_BOX,10.0,245.0,0.7,0,4,0.025,4
333,11.1,488.675,197.984,103.02,1092.92,SQUARE_BOX,10.0,245.0,0.7,0,4,0.025,4
334,11.1333,487.335,194.38,115.35,1127.63,SQUARE_BOX,10.0,245.0,0.7,0,4,0.025,4
335,11.1667,485.846,189.336,157.78,1303.16,SQUARE_BOX,10.0,245.0,0.7,0,4,0.025,4
336,11.2,483.146,183.14,202.77,1504.63,SQUARE_BOX,10.0,245.0,0.7,0,4,0.025,4
337,11.2333,478.633,176.724,235.31,1642.54,SQUARE_BOX,10.0,245.0,0.7,0,4,0.025,4
338,11.2667,472.484,171.19,248.18,1673.21,SQUARE_BOX,10.0,245.0,0.7,0,4,0.025,4
339,11.3,465.563,167.246,238.99,1590.9,SQUARE_BOX,10.0,245.0,0.7,0,4,0.025,4
340,11.3333,458.983,164.847,210.11,1424.17,SQUARE_BOX,10.0,245.0,0.7,0,4,0.025,4
341,11.3667,453.539,163.222,170.43,1237.59,SQUARE_BOX,10.0,245.0,0.7,0,4,0.025,4
342,11.4,449.305,161.275,139.82,1126.31,SQUARE_BOX,10.0,245.0,0.7,0,4,0.025,4
343,11.4333,445.598,158.15,145.47,1161.5,SQUARE_BOX,10.0,245.0,0.7,0,4,0.025,4
344,11.4667,441.337,153.676,185.34,1311.69,SQUARE_BOX,10.0,245.0,0.7,0,4,0.025,4
345,11.5,435.605,148.46,232.5,1483.3,SQUARE_BOX,10.0,245.0,0.7,0,4,0.025,4
346,11.5333,428.125,143.573,268.05,1601.69,SQUARE_BOX,10.0,245.0,0.7,0,4,0.025,4
347,11.5667,419.407,140.01,282.53,1629.95,SQUARE_BOX,10.0,245.0,0.7,0,4,0.025,4
348,11.6,410.497,138.174,272.93,1563.9,SQUARE_BOX,10.0,245.0,0.7,0,4,0.025,4
349,11.6333,402.44,137.675,242.16,1428.27,SQUARE_BOX,10.0,245.0,0.7,0,4,0.025,4
350,11.6667,395.755,137.534,200.62,1275.27,SQUARE_BOX,10.0,245.0,0.7,0,4,0.025,4
351,11.7,390.169,136.688,169.48,1176.72,SQUARE_BOX,10.0,245.0,0.7,0,4,0.025,4
352,11.7333,384.771,134.535,174.34,1187.47,SQUARE_BOX,10.0,245.0,0.7,0,4,0.025,4
353,11.7667,378.483,131.251,212.82,1295.27,SQUARE_BOX,10.0,245.0,0.7,0,4,0.025,4
354,11.8,370.622,127.699,258.78,1435.72,SQUARE_BOX,10.0,245.0,0.7,0,4,0.025,4
355,11.8333,361.261,124.985,292.39,1546.79,SQUARE_BOX,10.0,245.0,0.7,0,4,0.025,4
356,11.8667,351.197,123.894,303.7,1591.78,SQUARE_BOX,10.0,245.0,0.7,0,4,0.025,4
357,11.9,341.548,124.485,290.0,1559.62,SQUARE_BOX,10.0,245.0,0.7,0,4,0.025,4
358,11.9333,333.19,126.064,255.19,1462.19,SQUARE_BOX,10.0,245.0,0.7,0,4,0.025,4
359,11.9667,326.309,127.539,211.11,1333.15,SQUARE_BOX,10.0,245.0,0.7,0,4,0.025,4
360,12.0,316.611,242.197,3452.03,101896.82,SQUARE_BOX,10.0,59.9,0.95,0,0,0.05,5
361,12.0333,320.359,254.518,386.36,92894.94,SQUARE_BOX,10.0,66.7,0.95,0,0,0.05,5
362,12.0667,329.653,253.079,282.14,13352.49,SQUARE_BOX,10.0,70.8,0.95,0,0,0.05,5
363,12.1,343.735,254.976,426.27,5251.96,SQUARE_BOX,10.0,72.0,0.95,0,0,0.05,5
364,12.1333,347.675,257.059,133.71,9128.93,SQUARE_BOX,10.0,69.9,0.95,0,0,0.05,5
365,12.1667,343.094,270.399,423.13,12706.45,SQUARE_BOX,10.0,64.9,0.95,0,0,0.05,5
366,12.2,346.52,283.488,405.92,7210.24,SQUARE_BOX,10.0,57.6,0.95,0,0,0.05,5
367,12.2333,354.667,290.136,315.45,7188.17,SQUARE_BOX,10.0,48.6,0.95,0,0,0.05,5
368,12.2667,369.335,287.654,446.28,10097.13,SQUARE_BOX,10.0,39.1,0.95,0,0,0.05,5
369,12.3,376.55,290.789,236.01,8398.77,SQUARE_BOX,10.0,30.0,0.95,0,0,0.05,5
370,12.3333,370.084,300.117,340.5,13515.89,SQUARE_BOX,10.0,22.3,0.95,0,0,0.05,5
371,12.3667,373.627,311.51,357.93,9196.79,SQUARE_BOX,10.0,17.0,0.95,0,0,0.05,5
372,12.4,383.331,316.094,321.98,8265.26,SQUARE_BOX,10.0,14.5,0.95,0,0,0.05,5
373,12.4333,395.909,312.489,392.52,7810.74,SQUARE_BOX,10.0,15.2,0.95,0,0,0.05,5
374,12.4667,398.75,313.077,87.04,9541.02,SQUARE_BOX,10.0,19.0,0.95,0,0,0.05,5
375,12.5,396.789,319.637,205.41,6896.85,SQUARE_BOX,10.0,25.5,0.95,0,0,0.05,5
376,12.5333,400.468,326.417,231.4,5079.58,SQUARE_BOX,10.0,33.9,0.95,0,0,0.05,5
377,12.5667,409.444,335.234,377.47,5108.17,SQUARE_BOX,10.0,43.3,0.95,0,0,0.05,5
378,12.6,420.743,335.081,339.01,8339.64,SQUARE_BOX,10.0,52.7,0.95,0,0,0.05,5
379,12.6333,422.715,328.04,219.34,10434.64,SQUARE_BOX,10.0,61.1,0.95,0,0,0.05,5
380,12.6667,417.941,328.816,145.09,9292.11,SQUARE_BOX,10.0,67.5,0.95,0,0,0.05,5
381,12.7,420.108,339.23,319.12,10689.71,SQUARE_BOX,10.0,71.2,0.95,0,0,0.05,5
382,12.7333,432.259,341.544,371.1,11571.82,SQUARE_BOX,10.0,71.9,0.95,0,0,0.05,5
383,12.7667,442.205,337.179,325.86,6331.23,SQUARE_BOX,10.0,69.4,0.95,0,0,0.05,5
384,12.8,444.036,333.538,122.25,7332.79,SQUARE_BOX,10.0,64.0,0.95,0,0,0.05,5
385,12.8333,438.84,328.218,223.08,6501.8,SQUARE_BOX,10.0,56.3,0.95,0,0,0.05,5
386,12.8667,442.023,331.167,130.16,10594.13,SQUARE_BOX,10.0,47.2,0.95,0,0,0.05,5
387,12.9,448.023,334.417,204.71,2550.38,SQUARE_BOX,10.0,37.6,0.95,0,0,0.05,5
388,12.9333,460.931,333.474,388.27,7271.97,SQUARE_BOX,10.0,28.7,0.95,0,0,0.05,5
389,12.9667,461.947,326.945,198.24,11825.38,SQUARE_BOX,10.0,21.3,0.95,0,0,0.05,5
390,13.0,453.087,319.007,356.86,8977.44,SQUARE_BOX,10.0,16.4,0.95,0,0,0.05,5
391,13.0333,455.239,314.399,152.58,10353.28,SQUARE_BOX,10.0,14.4,0.95,0,0,0.05,5
392,13.0667,467.898,319.461,409.01,12851.99,SQUARE_BOX,10.0,15.6,0.95,0,0,0.05,5
393,13.1,469.954,317.483,85.59,11454.59,SQUARE_BOX,10.0,19.8,0.95,0,0,0.05,5
394,13.1333,470.146,309.881,228.12,5332.28,SQUARE_BOX,10.0,26.6,0.95,0,0,0.05,5
395,13.1667,461.559,298.196,435.02,8713.18,SQUARE_BOX,10.0,35.2,0.95,0,0,0.05,5
396,13.2,464.913,288.421,310.03,10882.81,SQUARE_BOX,10.0,44.7,0.95,0,0,0.05,5
397,13.2333,474.813,287.464,298.38,9883.73,SQUARE_BOX,10.0,54.1,0.95,0,0,0.05,5
398,13.2667,481.55,289.071,207.78,3664.81,SQUARE_BOX,10.0,62.2,0.95,0,0,0.05,5
399,13.3,480.315,282.42,202.96,10331.38,SQUARE_BOX,10.0,68.2,0.95,0,0,0.05,5
400,13.3333,469.302,273.674,421.9,8999.36,SQUARE_BOX,10.0,71.5,0.95,0,0,0.05,5
401,13.3667,473.663,260.896,405.03,14304.08,SQUARE_BOX,10.0,71.7,0.95,0,0,0.05,5
402,13.4,479.128,259.209,171.61,10030.81,SQUARE_BOX,10.0,68.7,0.95,0,0,0.05,5
403,13.4333,484.012,254.398,205.67,2860.67,SQUARE_BOX,10.0,62.9,0.95,0,0,0.05,5
404,13.4667,483.68,255.329,29.64,6981.39,SQUARE_BOX,10.0,55.0,0.95,0,0,0.05,5
405,13.5,476.053,239.367,530.69,16559.69,SQUARE_BOX,10.0,45.7,0.95,0,0,0.05,5
406,13.5333,471.054,228.618,355.63,5253.65,SQUARE_BOX,10.0,36.2,0.95,0,0,0.05,5
407,13.5667,482.317,220.907,409.49,14888.74,SQUARE_BOX,10.0,27.5,0.95,0,0,0.05,5
408,13.6,491.94,219.617,291.29,5964.47,SQUARE_BOX,10.0,20.4,0.95,0,0,0.05,5
409,13.6333,479.374,218.748,377.89,19974.33,SQUARE_BOX,10.0,15.9,0.95,0,0,0.05,5
410,13.6667,474.128,212.795,238.03,8021.15,SQUARE_BOX,10.0,14.4,0.95,0,0,0.05,5
411,13.7,469.19,200.079,409.24,6093.24,SQUARE_BOX,10.0,16.1,0.95,0,0,0.05,5
412,13.7333,479.231,186.802,499.4,13491.06,SQUARE_BOX,10.0,20.7,0.95,0,0,0.05,5
413,13.7667,478.847,188.543,53.49,16454.14,SQUARE_BOX,10.0,27.8,0.95,0,0,0.05,5
414,13.8,472.267,186.42,207.41,6571.23,SQUARE_BOX,10.0,36.6,0.95,0,0,0.05,5
415,13.8333,464.266,185.021,243.66,1434.86,SQUARE_BOX,10.0,46.2,0.95,0,0,0.05,5
416,13.8667,464.3,173.776,337.35,11436.6,SQUARE_BOX,10.0,55.4,0.95,0,0,0.05,5
417,13.9,467.525,164.927,282.54,3592.14,SQUARE_BOX,10.0,63.2,0.95,0,0,0.05,5
418,13.9333,471.182,162.262,135.75,5578.73,SQUARE_BOX,10.0,68.9,0.95,0,0,0.05,5
419,13.9667,461.849,160.829,283.28,11743.72,SQUARE_BOX,10.0,71.7,0.95,0,0,0.05,5
420,14.0,453.243,165.217,289.78,5279.15,SQUARE_BOX,10.0,71.4,0.95,0,0,0.05,5
421,14.0333,452.318,154.928,309.9,14907.67,SQUARE_BOX,10.0,68.0,0.95,0,0,0.05,5
422,14.0667,458.671,148.304,275.33,7333.11,SQUARE_BOX,10.0,61.9,0.95,0,0,0.05,5
423,14.1,455.71,143.654,165.39,8567.67,SQUARE_BOX,10.0,53.7,0.95,0,0,0.05,5
424,14.1333,452.712,146.304,120.06,6571.45,SQUARE_BOX,10.0,44.3,0.95,0,0,0.05,5
425,14.1667,434.159,153.815,600.49,14667.37,SQUARE_BOX,10.0,34.8,0.95,0,0,0.05,5
426,14.2,435.756,151.593,82.1,20140.55,SQUARE_BOX,10.0,26.3,0.95,0,0,0.05,5
427,14.2333,438.883,145.283,211.27,3928.46,SQUARE_BOX,10.0,19.6,0.95,0,0,0.05,5
428,14.2667,436.885,137.834,231.36,4725.3,SQUARE_BOX,10.0,15.5,0.95,0,0,0.05,5
429,14.3,424.961,142.123,380.15,13834.25,SQUARE_BOX,10.0,14.4,0.95,0,0,0.05,5
430,14.3333,415.788,150.058,363.85,4110.2,SQUARE_BOX,10.0,16.6,0.95,0,0,0.05,5
431,14.3667,412.068,156.18,214.91,5172.05,SQUARE_BOX,10.0,21.6,0.95,0,0,0.05,5
432,14.4,415.909,151.391,184.17,11947.07,SQUARE_BOX,10.0,29.1,0.95,0,0,0.05,5
433,14.4333,414.881,146.695,144.22,4382.62,SQUARE_BOX,10.0,38.0,0.95,0,0,0.05,5
434,14.4667,405.978,151.025,297.02,10781.77,SQUARE_BOX,10.0,47.6,0.95,0,0,0.05,5
435,14.5,397.209,161.588,411.84,5609.37,SQUARE_BOX,10.0,56.7,0.95,0,0,0.05,5
436,14.5333,392.355,167.727,234.8,5316.01,SQUARE_BOX,10.0,64.3,0.95,0,0,0.05,5
437,14.5667,394.653,169.363,84.63,7607.16,SQUARE_BOX,10.0,69.5,0.95,0,0,0.05,5
438,14.6,389.899,166.932,160.18,7326.71,SQUARE_BOX,10.0,71.9,0.95,0,0,0.05,5
439,14.6333,384.595,166.641,159.37,1987.77,SQUARE_BOX,10.0,71.1,0.95,0,0,0.05,5
440,14.6667,365.561,179.69,692.33,17229.36,SQUARE_BOX,10.0,67.2,0.95,0,0,0.05,5
441,14.7,368.284,186.869,230.32,20281.59,SQUARE_BOX,10.0,60.7,0.95,0,0,0.05,5
442,14.7333,367.961,196.656,293.79,3609.87,SQUARE_BOX,10.0,52.3,0.95,0,0,0.05,5
443,14.7667,364.821,194.726,110.55,10846.14,SQUARE_BOX,10.0,42.9,0.95,0,0,0.05,5
444,14.8,353.546,195.535,339.14,7726.81,SQUARE_BOX,10.0,33.5,0.95,0,0,0.05,5
445,14.8333,341.09,203.513,443.75,6538.48,SQUARE_BOX,10.0,25.1,0.95,0,0,0.05,5
446,14.8667,338.985,217.316,418.87,10689.16,SQUARE_BOX,10.0,18.8,0.95,0,0,0.05,5
447,14.9,339.728,226.389,273.12,4968.29,SQUARE_BOX,10.0,15.1,0.95,0,0,0.05,5
448,14.9333,337.5,227.577,75.73,7583.93,SQUARE_BOX,10.0,14.6,0.95,0,0,0.05,5
449,14.9667,324.315,231.799,415.33,10232.85,SQUARE_BOX,10.0,17.2,0.95,0,0,0.05,5
450,15.0,319.47,346.035,3430.16,99296.32,SQUARE_BOX,10.0,0.0,0.8,1,0,0.04,6
451,15.0333,324.281,347.312,149.31,102033.56,SQUARE_BOX,10.0,0.0,0.8,1,0,0.04,6
452,15.0667,330.645,349.729,204.23,1734.04,SQUARE_BOX,10.0,0.0,0.8,1,0,0.04,6
453,15.1,339.039,351.894,260.07,1840.83,SQUARE_BOX,10.0,0.0,0.8,1,0,0.04,6
454,15.1333,348.883,352.448,295.77,1950.35,SQUARE_BOX,10.0,0.0,0.8,1,0,0.04,6
455,15.1667,358.83,350.761,302.68,2018.92,SQUARE_BOX,10.0,0.0,0.8,1,0,0.04,6
456,15.2,367.456,347.259,279.31,2021.18,SQUARE_BOX,10.0,0.0,0.8,1,0,0.04,6
457,15.2333,373.983,343.202,230.54,1954.46,SQUARE_BOX,10.0,0.0,0.8,1,0,0.04,6
458,15.2667,378.671,340.041,169.63,1840.44,SQUARE_BOX,10.0,0.0,0.8,1,0,0.04,6
459,15.3,382.683,338.673,127.17,1723.91,SQUARE_BOX,10.0,0.0,0.8,1,0,0.04,6
460,15.3333,387.476,338.977,144.07,1661.28,SQUARE_BOX,10.0,0.0,0.8,1,0,0.04,6
461,15.3667,394.047,339.883,199.01,1689.96,SQUARE_BOX,10.0,0.0,0.8,1,0,0.04,6
462,15.4,402.417,339.919,251.1,1797.71,SQUARE_BOX,10.0,0.0,0.8,1,0,0.04,6
463,15.4333,411.611,337.974,281.91,1931.33,SQUARE_BOX,10.0,0.0,0.8,1,0,0.04,6
464,15.4667,420.154,333.867,284.37,2031.88,SQUARE_BOX,10.0,0.0,0.8,1,0,0.04,6
465,15.5,426.825,328.445,257.91,2058.81,SQUARE_BOX,10.0,0.0,0.8,1,0,0.04,6
466,15.5333,431.279,323.148,207.62,1998.97,SQUARE_BOX,10.0,0.0,0.8,1,0,0.04,6
467,15.5667,434.216,319.272,145.91,1870.16,SQUARE_BOX,10.0,0.0,0.8,1,0,0.04,6
468,15.6,437.022,317.305,102.78,1722.43,SQUARE_BOX,10.0,0.0,0.8,1,0,0.04,6
469,15.6333,441.043,316.679,122.09,1629.11,SQUARE_BOX,10.0,0.0,0.8,1,0,0.04,6
470,15.6667,446.896,316.064,176.56,1648.72,SQUARE_BOX,10.0,0.0,0.8,1,0,0.04,6
471,15.7,454.143,314.055,225.6,1773.75,SQUARE_BOX,10.0,0.0,0.8,1,0,0.04,6
472,15.7333,461.511,309.899,253.8,1936.27,SQUARE_BOX,10.0,0.0,0.8,1,0,0.04,6
473,15.7667,467.546,303.881,255.67,2060.58,SQUARE_BOX,10.0,0.0,0.8,1,0,0.04,6
474,15.8,471.352,297.187,231.03,2096.46,SQUARE_BOX,10.0,0.0,0.8,1,0,0.04,6
475,15.8333,473.051,291.29,184.08,2028.17,SQUARE_BOX,10.0,0.0,0.8,1,0,0.04,6
476,15.8667,473.714,287.205,124.17,1877.09,SQUARE_BOX,10.0,0.0,0.8,1,0,0.04,6
477,15.9,474.811,284.962,74.9,1703.33,SQUARE_BOX,10.0,0.0,0.8,1,0,0.04,6
478,15.9333,477.446,283.6,88.99,1596.1,SQUARE_BOX,10.0,0.0,0.8,1,0,0.04,6
479,15.9667,481.793,281.663,142.77,1625.08,SQUARE_BOX,10.0,0.0,0.8,1,0,0.04,6
480,16.0,486.999,277.952,191.81,1774.09,SQUARE_BOX,10.0,0.0,0.8,1,0,0.04,6
481,16.0333,491.624,272.145,222.68,1957.37,SQUARE_BOX,10.0,0.0,0.8,1,0,0.04,6
482,16.0667,494.373,264.969,230.56,2089.33,SQUARE_BOX,10.0,0.0,0.8,1,0,0.04,6
483,16.1,494.77,257.825,214.64,2118.69,SQUARE_BOX,10.0,0.0,0.8,1,0,0.04,6
484,16.1333,493.389,252.078,177.32,2033.93,SQUARE_BOX,10.0,0.0,0.8,1,0,0.04,6
485,16.1667,491.568,248.355,124.35,1863.98,SQUARE_BOX,10.0,0.0,0.8,1,0,0.04,6
486,16.2,490.713,246.227,68.78,1679.11,SQUARE_BOX,10.0,0.0,0.8,1,0,0.04,6
487,16.2333,491.578,244.437,59.65,1577.59,SQUARE_BOX,10.0,0.0,0.8,1,0,0.04,6
488,16.2667,493.876,241.546,110.79,1626.02,SQUARE_BOX,10.0,0.0,0.8,1,0,0.04,6
489,16.3,496.425,236.68,164.8,1791.98,SQUARE_BOX,10.0,0.0,0.8,1,0,0.04,6
490,16.3333,497.757,229.982,204.88,1979.16,SQUARE_BOX,10.0,0.0,0.8,1,0,0.04,6
491,16.3667,496.874,222.543,224.73,2102.7,SQUARE_BOX,10.0,0.0,0.8,1,0,0.04,6
492,16.4,493.759,215.846,221.59,2117.14,SQUARE_BOX,10.0,0.0,0.8,1,0,0.04,6
493,16.4333,489.386,211.006,195.68,2018.3,SQUARE_BOX,10.0,0.0,0.8,1,0,0.04,6
494,16.4667,485.224,208.202,150.55,1842.56,SQUARE_BOX,10.0,0.0,0.8,1,0,0.04,6
495,16.5,482.477,206.59,95.53,1665.58,SQUARE_BOX,10.0,0.0,0.8,1,0,0.04,6
496,16.5333,481.474,204.738,63.19,1583.05,SQUARE_BOX,10.0,0.0,0.8,1,0,0.04,6
497,16.5667,481.494,201.37,101.06,1646.89,SQUARE_BOX,10.0,0.0,0.8,1,0,0.04,6
498,16.6,481.144,196.021,160.8,1812.57,SQUARE_BOX,10.0,0.0,0.8,1,0,0.04,6
499,16.6333,479.078,189.286,211.35,1986.34,SQUARE_BOX,10.0,0.0,0.8,1,0,0.04,6
500,16.6667,474.687,182.513,242.17,2092.35,SQUARE_BOX,10.0,0.0,0.8,1,0,0.04,6
501,16.7,468.42,177.114,248.15,2093.74,SQUARE_BOX,10.0,0.0,0.8,1,0,0.04,6
502,16.7333,461.553,173.847,228.13,1992.78,SQUARE_BOX,10.0,0.0,0.8,1,0,0.04,6
503,16.7667,455.538,172.425,185.41,1828.96,SQUARE_BOX,10.0,0.0,0.8,1,0,0.04,6
504,16.8,451.261,171.669,130.31,1674.41,SQUARE_BOX,10.0,0.0,0.8,1,0,0.04,6
505,16.8333,448.587,170.118,92.74,1610.85,SQUARE_BOX,10.0,0.0,0.8,1,0,0.04,6
506,16.8667,446.437,166.782,119.05,1674.1,SQUARE_BOX,10.0,0.0,0.8,1,0,0.04,6
507,16.9,443.346,161.656,179.58,1820.58,SQUARE_BOX,10.0,0.0,0.8,1,0,0.04,6
508,16.9333,438.22,155.723,235.23,1970.47,SQUARE_BOX,10.0,0.0,0.8,1,0,0.04,6
509,16.9667,430.903,150.454,270.5,2060.24,SQUARE_BOX,10.0,0.0,0.8,1,0,0.04,6
510,17.0,422.263,147.053,278.55,2060.02,SQUARE_BOX,10.0,0.0,0.8,1,0,0.04,6
511,17.0333,413.751,145.842,257.93,1973.73,SQUARE_BOX,10.0,0.0,0.8,1,0,0.04,6
512,17.0667,406.659,146.095,212.89,1836.22,SQUARE_BOX,10.0,0.0,0.8,1,0,0.04,6
513,17.1,401.462,146.418,156.2,1706.81,SQUARE_BOX,10.0,0.0,0.8,1,0,0.04,6
514,17.1333,397.58,145.465,119.93,1649.18,SQUARE_BOX,10.0,0.0,0.8,1,0,0.04,6
515,17.1667,393.68,142.631,144.62,1692.2,SQUARE_BOX,10.0,0.0,0.8,1,0,0.04,6
516,17.2,388.369,138.369,204.28,1806.93,SQUARE_BOX,10.0,0.0,0.8,1,0,0.04,6
517,17.2333,380.916,133.955,259.87,1933.14,SQUARE_BOX,10.0,0.0,0.8,1,0,0.04,6
518,17.2667,371.632,130.836,293.82,2017.87,SQUARE_BOX,10.0,0.0,0.8,1,0,0.04,6
519,17.3,361.719,129.885,298.77,2032.47,SQUARE_BOX,10.0,0.0,0.8,1,0,0.04,6
520,17.3333,352.655,130.957,273.8,1974.78,SQUARE_BOX,10.0,0.0,0.8,1,0,0.04,6
521,17.3667,345.445,132.961,224.51,1867.3,SQUARE_BOX,10.0,0.0,0.8,1,0,0.04,6
522,17.4,340.106,134.426,166.09,1752.77,SQUARE_BOX,10.0,0.0,0.8,1,0,0.04,6
523,17.4333,335.668,134.252,133.25,1682.36,SQUARE_BOX,10.0,0.0,0.8,1,0,0.04,6
524,17.4667,330.678,132.283,160.95,1690.72,SQUARE_BOX,10.0,0.0,0.8,1,0,0.04,6
525,17.5,323.952,129.383,219.73,1772.1,SQUARE_BOX,10.0,0.0,0.8,1,0,0.04,6
526,17.5333,315.195,126.993,272.33,1885.4,SQUARE_BOX,10.0,0.0,0.8,1,0,0.04,6
527,17.5667,305.153,126.391,301.79,1981.67,SQUARE_BOX,10.0,0.0,0.8,1,0,0.04,6
528,17.6,295.242,128.035,301.41,2024.85,SQUARE_BOX,10.0,0.0,0.8,1,0,0.04,6
529,17.6333,286.821,131.327,271.24,1999.6,SQUARE_BOX,10.0,0.0,0.8,1,0,0.04,6
530,17.6667,280.505,134.919,217.98,1913.36,SQUARE_BOX,10.0,0.0,0.8,1,0,0.04,6
531,17.7,275.852,137.406,158.29,1796.52,SQUARE_BOX,10.0,0.0,0.8,1,0,0.04,6
532,17.7333,271.598,138.05,129.08,1698.03,SQUARE_BOX,10.0,0.0,0.8,1,0,0.04,6
533,17.7667,266.312,137.153,160.83,1668.0,SQUARE_BOX,10.0,0.0,0.8,1,0,0.04,6
534,17.8,259.141,135.907,218.35,1725.86,SQUARE_BOX,10.0,0.0,0.8,1,0,0.04,6
535,17.8333,250.252,135.775,266.72,1843.38,SQUARE_BOX,10.0,0.0,0.8,1,0,0.04,6
536,17.8667,240.751,137.739,291.04,1965.42,SQUARE_BOX,10.0,0.0,0.8,1,0,0.04,6
537,17.9,232.127,141.795,285.93,2040.95,SQUARE_BOX,10.0,0.0,0.8,1,0,0.04,6
538,17.9333,225.483,146.952,252.29,2039.77,SQUARE_BOX,10.0,0.0,0.8,1,0,0.04,6
539,17.9667,220.984,151.738,197.05,1958.64,SQUARE_BOX,10.0,0.0,0.8,1,0,0.04,6
540,18.0,173.907,351.088,6145.02,179252.35,SQUARE_BOX,10.0,245.0,0.4,0,0,0.03,7
541,18.0333,180.207,332.736,582.11,201736.14,SQUARE_BOX,10.0,245.0,0.4,0,0,0.03,7
542,18.0667,181.201,316.547,486.57,5157.54,SQUARE_BOX,10.0,245.0,0.4,0,0,0.03,7
543,18.1,183.351,303.52,396.11,3029.61,SQUARE_BOX,10.0,245.0,0.4,0,0,0.03,7
544,18.1333,190.019,292.26,392.58,4365.45,SQUARE_BOX,10.0,245.0,0.4,0,0,0.03,7
545,18.1667,195.732,284.517,288.67,3279.96,SQUARE_BOX,10.0,245.0,0.4,0,0,0.03,7
546,18.2,208.257,269.213,593.29,9159.52,SQUARE_BOX,10.0,245.0,0.4,0,0,0.03,7
547,18.2333,216.61,254.632,504.12,3810.8,SQUARE_BOX,10.0,245.0,0.4,0,0,0.03,7
548,18.2667,219.941,241.788,398.08,4782.45,SQUARE_BOX,10.0,245.0,0.4,0,0,0.03,7
549,18.3,223.045,233.868,255.21,4436.39,SQUARE_BOX,10.0,245.0,0.4,0,0,0.03,7
550,18.3333,225.9,228.818,174.03,2593.07,SQUARE_BOX,10.0,245.0,0.4,0,0,0.03,7
551,18.3667,231.2,229.968,162.69,5997.71,SQUARE_BOX,10.0,245.0,0.4,0,0,0.03,7
552,18.4,241.265,225.373,331.92,6716.83,SQUARE_BOX,10.0,245.0,0.4,0,0,0.03,7
553,18.4333,252.416,225.097,334.64,4007.43,SQUARE_BOX,10.0,245.0,0.4,0,0,0.03,7
554,18.4667,259.011,218.664,276.38,6893.56,SQUARE_BOX,10.0,245.0,0.4,0,0,0.03,7
555,18.5,261.919,216.301,112.43,4941.72,SQUARE_BOX,10.0,245.0,0.4,0,0,0.03,7
556,18.5333,263.853,221.868,176.79,7190.64,SQUARE_BOX,10.0,245.0,0.4,0,0,0.03,7
557,18.5667,267.164,232.069,321.75,4351.29,SQUARE_BOX,10.0,245.0,0.4,0,0,0.03,7
558,18.6,275.491,241.388,374.91,4582.77,SQUARE_BOX,10.0,245.0,0.4,0,0,0.03,7
559,18.6333,283.297,252.291,402.27,1499.86,SQUARE_BOX,10.0,245.0,0.4,0,0,0.03,7
560,18.6667,294.737,257.226,373.77,6288.65,SQUARE_BOX,10.0,245.0,0.4,0,0,0.03,7
561,18.7,299.301,266.256,303.54,7202.37,SQUARE_BOX,10.0,245.0,0.4,0,0,0.03,7
562,18.7333,301.977,275.134,278.17,1705.58,SQUARE_BOX,10.0,245.0,0.4,0,0,0.03,7
563,18.7667,302.975,287.527,372.99,3505.48,SQUARE_BOX,10.0,245.0,0.4,0,0,0.03,7
564,18.8,307.598,307.342,610.43,7434.59,SQUARE_BOX,10.0,245.0,0.4,0,0,0.03,7
565,18.8333,318.1,324.936,614.7,5656.77,SQUARE_BOX,10.0,245.0,0.4,0,0,0.03,7
566,18.8667,329.648,340.994,593.4,1671.89,SQUARE_BOX,10.0,245.0,0.4,0,0,0.03,7
567,18.9,335.721,350.685,343.09,7558.42,SQUARE_BOX,10.0,245.0,0.4,0,0,0.03,7
568,18.9333,341.486,361.615,370.7,1149.05,SQUARE_BOX,10.0,245.0,0.4,0,0,0.03,7
569,18.9667,343.676,375.705,427.8,4294.14,SQUARE_BOX,10.0,245.0,0.4,0,0,0.03,7
570,19.0,345.87,394.167,557.76,3934.36,SQUARE_BOX,10.0,245.0,0.4,0,0,0.03,7
571,19.0333,350.511,411.885,549.45,2302.43,SQUARE_BOX,10.0,245.0,0.4,0,0,0.03,7
572,19.0667,361.66,426.763,557.76,6389.27,SQUARE_BOX,10.0,245.0,0.4,0,0,0.03,7
573,19.1,370.356,438.382,435.37,3671.58,SQUARE_BOX,10.0,245.0,0.4,0,0,0.03,7
574,19.1333,378.725,443.628,296.34,5742.18,SQUARE_BOX,10.0,245.0,0.4,0,0,0.03,7
575,19.1667,383.02,450.212,235.81,3859.82,SQUARE_BOX,10.0,245.0,0.4,0,0,0.03,7
576,19.2,382.51,458.2,240.15,4504.69,SQUARE_BOX,10.0,245.0,0.4,0,0,0.03,7
577,19.2333,386.915,468.0,322.33,4714.02,SQUARE_BOX,10.0,245.0,0.4,0,0,0.03,7
578,19.2667,395.378,468.0,253.89,9545.88,SQUARE_BOX,10.0,245.0,0.4,0,0,0.03,7
579,19.3,405.742,468.0,310.91,1710.54,SQUARE_BOX,10.0,245.0,0.4,0,0,0.03,7
580,19.3333,416.211,468.0,314.09,95.64,SQUARE_BOX,10.0,245.0,0.4,0,0,0.03,7
581,19.3667,419.942,468.0,111.92,6065.08,SQUARE_BOX,10.0,245.0,0.4,0,0,0.03,7
582,19.4,423.015,468.0,92.17,592.54,SQUARE_BOX,10.0,245.0,0.4,0,0,0.03,7
583,19.4333,426.965,468.0,118.51,790.02,SQUARE_BOX,10.0,245.0,0.4,0,0,0.03,7
584,19.4667,428.243,468.0,38.36,2404.47,SQUARE_BOX,10.0,245.0,0.4,0,0,0.03,7
585,19.5,438.101,464.72,311.67,8266.06,SQUARE_BOX,10.0,245.0,0.4,0,0,0.03,7
586,19.5333,448.099,457.702,366.46,3366.81,SQUARE_BOX,10.0,245.0,0.4,0,0,0.03,7
587,19.5667,457.469,444.548,484.52,5551.57,SQUARE_BOX,10.0,245.0,0.4,0,0,0.03,7
588,19.6,462.092,427.54,528.76,5503.23,SQUARE_BOX,10.0,245.0,0.4,0,0,0.03,7
589,19.6333,463.624,415.956,350.53,5619.31,SQUARE_BOX,10.0,245.0,0.4,0,0,0.03,7
590,19.6667,465.336,402.338,411.76,1838.5,SQUARE_BOX,10.0,245.0,0.4,0,0,0.03,7
591,19.7,469.509,394.658,262.22,5784.06,SQUARE_BOX,10.0,245.0,0.4,0,0,0.03,7
592,19.7333,482.041,381.576,543.48,8957.67,SQUARE_BOX,10.0,245.0,0.4,0,0,0.03,7
593,19.7667,490.004,366.124,521.49,4632.65,SQUARE_BOX,10.0,245.0,0.4,0,0,0.03,7
594,19.8,499.134,348.093,606.34,2548.18,SQUARE_BOX,10.0,245.0,0.4,0,0,0.03,7
595,19.8333,502.998,329.767,561.86,4747.02,SQUARE_BOX,10.0,245.0,0.4,0,0,0.03,7
596,19.8667,502.526,316.178,407.91,5779.67,SQUARE_BOX,10.0,245.0,0.4,0,0,0.03,7
597,19.9,507.37,301.436,465.53,4895.9,SQUARE_BOX,10.0,245.0,0.4,0,0,0.03,7
598,19.9333,513.127,290.616,367.69,3624.99,SQUARE_BOX,10.0,245.0,0.4,0,0,0.03,7
599,19.9667,522.847,280.552,419.74,3630.0,SQUARE_BOX,10.0,245.0,0.4,0,0,0.03,7
600,20.0,531.984,268.876,444.76,1542.23,SQUARE_BOX,10.0,245.0,0.4,0,0,0.03,7
601,20.0333,539.682,253.216,523.53,3813.32,SQUARE_BOX,10.0,245.0,0.4,0,0,0.03,7
602,20.0667,542.339,239.423,421.39,4839.34,SQUARE_BOX,10.0,245.0,0.4,0,0,0.03,7
603,20.1,546.773,231.736,266.22,5723.84,SQUARE_BOX,10.0,245.0,0.4,0,0,0.03,7
604,20.1333,548.291,229.76,74.75,5771.04,SQUARE_BOX,10.0,245.0,0.4,0,0,0.03,7
605,20.1667,556.75,229.371,254.04,6408.23,SQUARE_BOX,10.0,245.0,0.4,0,0,0.03,7
606,20.2,565.352,227.473,264.28,1363.65,SQUARE_BOX,10.0,245.0,0.4,0,0,0.03,7
607,20.2333,578.514,222.908,417.93,4753.82,SQUARE_BOX,10.0,245.0,0.4,0,0,0.03,7
608,20.2667,582.742,218.383,185.78,8041.03,SQUARE_BOX,10.0,245.0,0.4,0,0,0.03,7
609,20.3,585.413,217.667,82.99,3702.75,SQUARE_BOX,10.0,245.0,0.4,0,0,0.03,7
610,20.3333,585.575,222.36,140.89,5367.69,SQUARE_BOX,10.0,245.0,0.4,0,0,0.03,7
611,20.3667,590.166,233.3,355.91,6891.54,SQUARE_BOX,10.0,245.0,0.4,0,0,0.03,7
612,20.4,598.421,242.977,381.6,3488.5,SQUARE_BOX,10.0,245.0,0.4,0,0,0.03,7
613,20.4333,611.307,252.432,479.49,4171.95,SQUARE_BOX,10.0,245.0,0.4,0,0,0.03,7
614,20.4667,619.216,257.79,286.58,5802.39,SQUARE_BOX,10.0,245.0,0.4,0,0,0.03,7
615,20.5,624.723,266.593,311.5,3779.55,SQUARE_BOX,10.0,245.0,0.4,0,0,0.03,7
616,20.5333,626.914,276.302,298.61,3093.84,SQUARE_BOX,10.0,245.0,0.4,0,0,0.03,7
617,20.5667,626.705,291.373,452.17,5286.75,SQUARE_BOX,10.0,245.0,0.4,0,0,0.03,7
618,20.6,628.0,310.76,582.91,4113.94,SQUARE_BOX,10.0,245.0,0.4,0,0,0.03,7
619,20.6333,628.0,327.877,513.52,2351.93,SQUARE_BOX,10.0,245.0,0.4,0,0,0.03,7
620,20.6667,628.0,342.796,447.55,1979.14,SQUARE_BOX,10.0,245.0,0.4,0,0,0.03,7
621,20.7,628.0,352.835,301.19,4390.85,SQUARE_BOX,10.0,245.0,0.4,0,0,0.03,7
622,20.7333,628.0,364.443,348.24,1411.45,SQUARE_BOX,10.0,245.0,0.4,0,0,0.03,7
623,20.7667,628.0,379.049,438.17,2697.9,SQUARE_BOX,10.0,245.0,0.4,0,0,0.03,7
624,20.8,628.0,395.713,499.93,1853.04,SQUARE_BOX,10.0,245.0,0.4,0,0,0.03,7
625,20.8333,628.0,415.488,593.24,2799.29,SQUARE_BOX,10.0,245.0,0.4,0,0,0.03,7
626,20.8667,628.0,429.407,417.57,5270.35,SQUARE_BOX,10.0,245.0,0.4,0,0,0.03,7
627,20.9,628.0,440.606,335.99,2447.21,SQUARE_BOX,10.0,245.0,0.4,0,0,0.03,7
628,20.9333,628.0,445.845,157.14,5365.51,SQUARE_BOX,10.0,245.0,0.4,0,0,0.03,7
629,20.9667,628.0,452.815,209.11,1558.92,SQUARE_BOX,10.0,245.0,0.4,0,0,0.03,7
630,21.0,290.861,305.55,11036.97,333669.81,SQUARE_BOX,10.0,230.0,1.0,0,0,0.08,8
631,21.0333,250.466,307.998,1214.07,299134.57,SQUARE_BOX,10.0,230.0,1.0,0,0,0.08,8
632,21.0667,247.488,302.446,189.01,34436.57,SQUARE_BOX,10.0,230.0,1.0,0,0,0.08,8
633,21.1,257.81,337.781,1104.34,38695.9,SQUARE_BOX,10.0,230.0,1.0,0,0,0.08,8
634,21.1333,242.182,359.955,813.85,26187.88,SQUARE_BOX,10.0,230.0,1.0,0,0,0.08,8
635,21.1667,201.564,363.726,1223.77,27930.4,SQUARE_BOX,10.0,230.0,1.0,0,0,0.08,8
636,21.2,206.042,355.66,276.77,41961.05,SQUARE_BOX,10.0,230.0,1.0,0,0,0.08,8
637,21.2333,217.402,372.354,605.77,23128.51,SQUARE_BOX,10.0,230.0,1.0,0,0,0.08,8
638,21.2667,186.576,398.405,1210.79,38890.18,SQUARE_BOX,10.0,230.0,1.0,0,0,0.08,8
639,21.3,155.826,401.833,928.22,20361.39,SQUARE_BOX,10.0,230.0,1.0,0,0,0.08,8
640,21.3333,161.888,377.803,743.48,41331.84,SQUARE_BOX,10.0,230.0,1.0,0,0,0.08,8
641,21.3667,174.389,382.709,402.86,26678.54,SQUARE_BOX,10.0,230.0,1.0,0,0,0.08,8
642,21.4,150.269,404.225,969.66,36190.41,SQUARE_BOX,10.0,230.0,1.0,0,0,0.08,8
643,21.4333,122.655,402.214,830.62,21407.63,SQUARE_BOX,10.0,230.0,1.0,0,0,0.08,8
644,21.4667,128.956,380.2,686.94,35436.74,SQUARE_BOX,10.0,230.0,1.0,0,0,0.08,8
645,21.5,143.043,365.335,614.4,9513.44,SQUARE_BOX,10.0,230.0,1.0,0,0,0.08,8
646,21.5333,109.726,375.508,1045.08,48249.95,SQUARE_BOX,10.0,230.0,1.0,0,0,0.08,8
647,21.5667,98.823,376.933,329.85,21655.85,SQUARE_BOX,10.0,230.0,1.0,0,0,0.08,8
648,21.6,102.284,354.046,694.4,25412.89,SQUARE_BOX,10.0,230.0,1.0,0,0,0.08,8
649,21.6333,116.315,328.274,880.32,9861.83,SQUARE_BOX,10.0,230.0,1.0,0,0,0.08,8
650,21.6667,93.99,323.729,683.47,37888.86,SQUARE_BOX,10.0,230.0,1.0,0,0,0.08,8
651,21.7,69.901,326.981,729.24,7195.19,SQUARE_BOX,10.0,230.0,1.0,0,0,0.08,8
652,21.7333,91.868,301.742,1003.78,48740.52,SQUARE_BOX,10.0,230.0,1.0,0,0,0.08,8
653,21.7667,109.09,268.819,1114.67,8128.26,SQUARE_BOX,10.0,230.0,1.0,0,0,0.08,8
654,21.8,81.506,254.065,938.46,43515.07,SQUARE_BOX,10.0,230.0,1.0,0,0,0.08,8
655,21.8333,65.402,260.946,525.37,22043.15,SQUARE_BOX,10.0,230.0,1.0,0,0,0.08,8
656,21.8667,89.836,241.173,942.98,43664.55,SQUARE_BOX,10.0,230.0,1.0,0,0,0.08,8
657,21.9,102.311,206.606,1102.47,17121.37,SQUARE_BOX,10.0,230.0,1.0,0,0,0.08,8
658,21.9333,83.15,182.934,913.65,30113.25,SQUARE_BOX,10.0,230.0,1.0,0,0,0.08,8
659,21.9667,71.195,190.559,425.41,28904.89,SQUARE_BOX,10.0,230.0,1.0,0,0,0.08,8
660,22.0,101.976,179.593,980.3,41945.21,SQUARE_BOX,10.0,230.0,1.0,0,0,0.08,8
661,22.0333,112.012,149.688,946.32,25281.56,SQUARE_BOX,10.0,230.0,1.0,0,0,0.08,8
662,22.0667,93.417,124.859,930.62,26168.96,SQUARE_BOX,10.0,230.0,1.0,0,0,0.08,8
663,22.1,86.289,128.303,237.5,27459.26,SQUARE_BOX,10.0,230.0,1.0,0,0,0.08,8
664,22.1333,115.575,124.238,887.0,33462.29,SQUARE_BOX,10.0,230.0,1.0,0,0,0.08,8
665,22.1667,129.023,107.787,637.45,18095.48,SQUARE_BOX,10.0,230.0,1.0,0,0,0.08,8
666,22.2,115.594,78.906,955.5,26650.34,SQUARE_BOX,10.0,230.0,1.0,0,0,0.08,8
667,22.2333,118.029,86.428,237.16,35737.22,SQUARE_BOX,10.0,230.0,1.0,0,0,0.08,8
668,22.2667,150.924,103.658,1114.04,28774.05,SQUARE_BOX,10.0,230.0,1.0,0,0,0.08,8
669,22.3,161.916,99.189,355.95,27749.02,SQUARE_BOX,10.0,230.0,1.0,0,0,0.08,8
670,22.3333,145.423,71.926,955.91,32135.98,SQUARE_BOX,10.0,230.0,1.0,0,0,0.08,8
671,22.3667,154.538,73.782,279.06,34899.86,SQUARE_BOX,10.0,230.0,1.0,0,0,0.08,8
672,22.4,184.433,100.056,1193.99,28856.43,SQUARE_BOX,10.0,230.0,1.0,0,0,0.08,8
673,22.4333,197.276,107.059,438.86,23158.53,SQUARE_BOX,10.0,230.0,1.0,0,0,0.08,8
674,22.4667,182.523,93.072,609.9,31205.23,SQUARE_BOX,10.0,230.0,1.0,0,0,0.08,8
675,22.5,194.693,101.004,435.81,31246.34,SQUARE_BOX,10.0,230.0,1.0,0,0,0.08,8
676,22.5333,234.26,124.509,1380.67,28362.53,SQUARE_BOX,10.0,230.0,1.0,0,0,0.08,8
677,22.5667,241.139,150.371,802.84,29496.33,SQUARE_BOX,10.0,230.0,1.0,0,0,0.08,8
678,22.6,225.408,143.772,511.76,35603.08,SQUARE_BOX,10.0,230.0,1.0,0,0,0.08,8
679,22.6333,247.617,143.999,666.31,34694.05,SQUARE_BOX,10.0,230.0,1.0,0,0,0.08,8
680,22.6667,283.799,169.308,1324.63,25839.1,SQUARE_BOX,10.0,230.0,1.0,0,0,0.08,8
681,22.7,289.781,209.559,1220.82,30325.46,SQUARE_BOX,10.0,230.0,1.0,0,0,0.08,8
682,22.7333,282.505,208.765,219.56,38820.99,SQUARE_BOX,10.0,230.0,1.0,0,0,0.08,8
683,22.7667,302.158,210.77,592.65,24366.05,SQUARE_BOX,10.0,230.0,1.0,0,0,0.08,8
684,22.8,334.728,233.968,1199.6,22337.08,SQUARE_BOX,10.0,230.0,1.0,0,0,0.08,8
685,22.8333,337.34,268.792,1047.68,28921.38,SQUARE_BOX,10.0,230.0,1.0,0,0,0.08,8
686,22.8667,328.352,284.173,534.43,20377.26,SQUARE_BOX,10.0,230.0,1.0,0,0,0.08,8
687,22.9,350.061,280.663,659.75,32440.35,SQUARE_BOX,10.0,230.0,1.0,0,0,0.08,8
688,22.9333,388.944,293.784,1231.12,21516.13,SQUARE_BOX,10.0,230.0,1.0,0,0,0.08,8
689,22.9667,389.031,325.292,945.24,38639.59,SQUARE_BOX,10.0,230.0,1.0,0,0,0.08,8
690,23.0,378.852,350.73,821.97,10733.32,SQUARE_BOX,10.0,230.0,1.0,0,0,0.08,8
691,23.0333,403.13,344.239,753.92,42278.2,SQUARE_BOX,10.0,230.0,1.0,0,0,0.08,8
692,23.0667,438.766,343.83,1069.17,11596.45,SQUARE_BOX,10.0,230.0,1.0,0,0,0.08,8
693,23.1,432.489,368.559,765.4,43987.08,SQUARE_BOX,10.0,230.0,1.0,0,0,0.08,8
694,23.1333,426.823,395.042,812.45,1671.47,SQUARE_BOX,10.0,230.0,1.0,0,0,0.08,8
695,23.1667,450.204,388.506,728.3,39578.11,SQUARE_BOX,10.0,230.0,1.0,0,0,0.08,8
696,23.2,484.06,375.44,1088.71,11110.27,SQUARE_BOX,10.0,230.0,1.0,0,0,0.08,8
697,23.2333,472.25,386.422,483.8,46449.93,SQUARE_BOX,10.0,230.0,1.0,0,0,0.08,8
698,23.2667,468.773,402.864,504.2,8966.73,SQUARE_BOX,10.0,230.0,1.0,0,0,0.08,8
699,23.3,494.36,401.043,769.58,30894.83,SQUARE_BOX,10.0,230.0,1.0,0,0,0.08,8
700,23.3333,519.964,381.876,959.5,15610.97,SQUARE_BOX,10.0,230.0,1.0,0,0,0.08,8
701,23.3667,509.606,376.778,346.35,34754.91,SQUARE_BOX,10.0,230.0,1.0,0,0,0.08,8
702,23.4,502.332,390.086,454.97,16795.77,SQUARE_BOX,10.0,230.0,1.0,0,0,0.08,8
703,23.4333,528.501,387.475,788.97,33334.22,SQUARE_BOX,10.0,230.0,1.0,0,0,0.08,8
704,23.4667,549.162,356.03,1128.76,26419.8,SQUARE_BOX,10.0,230.0,1.0,0,0,0.08,8
705,23.5,531.269,342.452,673.83,38242.98,SQUARE_BOX,10.0,230.0,1.0,0,0,0.08,8
706,23.5333,525.014,348.57,262.5,20589.43,SQUARE_BOX,10.0,230.0,1.0,0,0,0.08,8
707,23.5667,553.029,344.37,849.83,32210.58,SQUARE_BOX,10.0,230.0,1.0,0,0,0.08,8
708,23.6,566.548,308.8,1141.57,31100.93,SQUARE_BOX,10.0,230.0,1.0,0,0,0.08,8
709,23.6333,548.441,283.022,945.04,29796.36,SQUARE_BOX,10.0,230.0,1.0,0,0,0.08,8
710,23.6667,532.96,283.636,464.8,23869.42,SQUARE_BOX,10.0,230.0,1.0,0,0,0.08,8
711,23.7,561.202,280.375,852.89,39505.08,SQUARE_BOX,10.0,230.0,1.0,0,0,0.08,8
712,23.7333,571.896,252.402,898.42,27278.21,SQUARE_BOX,10.0,230.0,1.0,0,0,0.08,8
713,23.7667,552.534,215.014,1263.15,28346.98,SQUARE_BOX,10.0,230.0,1.0,0,0,0.08,8
714,23.8,537.11,205.533,543.13,25366.63,SQUARE_BOX,10.0,230.0,1.0,0,0,0.08,8
715,23.8333,561.49,206.281,731.74,36986.84,SQUARE_BOX,10.0,230.0,1.0,0,0,0.08,8
716,23.8667,564.974,190.253,492.06,24116.64,SQUARE_BOX,10.0,230.0,1.0,0,0,0.08,8
717,23.9,538.275,155.854,1306.35,31801.79,SQUARE_BOX,10.0,230.0,1.0,0,0,0.08,8
718,23.9333,525.203,137.785,669.03,19143.16,SQUARE_BOX,10.0,230.0,1.0,0,0,0.08,8
719,23.9667,547.343,146.497,713.77,39814.49,SQUARE_BOX,10.0,230.0,1.0,0,0,0.08,8
720,24.0,328.989,100.728,6692.98,221928.92,SQUARE_BOX,10.0,245.0,0.5,0,0,0.04,9
721,24.0333,349.172,103.815,612.51,219139.38,SQUARE_BOX,10.0,245.0,0.5,0,0,0.04,9
722,24.0667,371.571,111.251,708.03,4393.14,SQUARE_BOX,10.0,245.0,0.5,0,0,0.04,9
723,24.1,391.933,125.875,752.08,6722.98,SQUARE_BOX,10.0,245.0,0.5,0,0,0.04,9
724,24.1333,423.183,146.013,1115.32,10984.64,SQUARE_BOX,10.0,245.0,0.5,0,0,0.04,9
725,24.1667,452.973,156.679,949.24,8626.42,SQUARE_BOX,10.0,245.0,0.5,0,0,0.04,9
726,24.2,472.824,166.148,659.83,9008.73,SQUARE_BOX,10.0,245.0,0.5,0,0,0.04,9
727,24.2333,493.209,175.204,669.15,607.16,SQUARE_BOX,10.0,245.0,0.5,0,0,0.04,9
728,24.2667,507.034,189.484,596.28,7547.19,SQUARE_BOX,10.0,245.0,0.5,0,0,0.04,9
729,24.3,519.769,206.596,639.91,2729.97,SQUARE_BOX,10.0,245.0,0.5,0,0,0.04,9
730,24.3333,540.987,226.965,882.38,8177.97,SQUARE_BOX,10.0,245.0,0.5,0,0,0.04,9
731,24.3667,555.66,242.758,646.71,7187.45,SQUARE_BOX,10.0,245.0,0.5,0,0,0.04,9
732,24.4,570.866,250.095,506.51,7624.21,SQUARE_BOX,10.0,245.0,0.5,0,0,0.04,9
733,24.4333,571.402,261.171,332.66,13624.95,SQUARE_BOX,10.0,245.0,0.5,0,0,0.04,9
734,24.4667,570.386,276.398,457.84,3989.12,SQUARE_BOX,10.0,245.0,0.5,0,0,0.04,9
735,24.5,570.079,295.336,568.19,3399.3,SQUARE_BOX,10.0,245.0,0.5,0,0,0.04,9
736,24.5333,569.016,315.936,618.83,1644.44,SQUARE_BOX,10.0,245.0,0.5,0,0,0.04,9
737,24.5667,571.701,327.145,345.78,9100.41,SQUARE_BOX,10.0,245.0,0.5,0,0,0.04,9
738,24.6,568.136,333.757,225.35,6982.62,SQUARE_BOX,10.0,245.0,0.5,0,0,0.04,9
739,24.6333,557.114,341.991,412.74,6868.09,SQUARE_BOX,10.0,245.0,0.5,0,0,0.04,9
740,24.6667,538.399,350.259,613.79,6923.51,SQUARE_BOX,10.0,245.0,0.5,0,0,0.04,9
741,24.7,520.521,368.735,771.3,9217.84,SQUARE_BOX,10.0,245.0,0.5,0,0,0.04,9
742,24.7333,509.622,384.397,572.43,6773.02,SQUARE_BOX,10.0,245.0,0.5,0,0,0.04,9
743,24.7667,493.574,389.149,502.1,10858.35,SQUARE_BOX,10.0,245.0,0.5,0,0,0.04,9
744,24.8,474.996,387.663,559.13,6058.05,SQUARE_BOX,10.0,245.0,0.5,0,0,0.04,9
745,24.8333,448.251,395.957,840.05,11467.09,SQUARE_BOX,10.0,245.0,0.5,0,0,0.04,9
746,24.8667,420.191,402.938,867.46,1671.65,SQUARE_BOX,10.0,245.0,0.5,0,0,0.04,9
747,24.9,394.146,412.589,833.24,3010.16,SQUARE_BOX,10.0,245.0,0.5,0,0,0.04,9
748,24.9333,373.048,420.083,671.69,4856.11,SQUARE_BOX,10.0,245.0,0.5,0,0,0.04,9
749,24.9667,350.823,417.0,673.13,9572.93,SQUARE_BOX,10.0,245.0,0.5,0,0,0.04,9
750,25.0,324.752,411.458,799.6,4108.69,SQUARE_BOX,10.0,245.0,0.5,0,0,0.04,9
751,25.0333,292.347,408.184,977.1,6055.36,SQUARE_BOX,10.0,245.0,0.5,0,0,0.04,9
752,25.0667,259.95,407.43,972.17,2267.77,SQUARE_BOX,10.0,245.0,0.5,0,0,0.04,9
753,25.1,237.878,409.942,666.44,9745.85,SQUARE_BOX,10.0,245.0,0.5,0,0,0.04,9
754,25.1333,214.89,410.073,689.64,2295.22,SQUARE_BOX,10.0,245.0,0.5,0,0,0.04,9
755,25.1667,198.674,403.102,529.54,8832.24,SQUARE_BOX,10.0,245.0,0.5,0,0,0.04,9
756,25.2,174.768,391.215,800.97,8214.31,SQUARE_BOX,10.0,245.0,0.5,0,0,0.04,9
757,25.2333,151.375,381.856,755.85,2322.1,SQUARE_BOX,10.0,245.0,0.5,0,0,0.04,9
758,25.2667,125.135,375.995,806.6,4059.88,SQUARE_BOX,10.0,245.0,0.5,0,0,0.04,9
759,25.3,109.137,372.677,490.15,9497.86,SQUARE_BOX,10.0,245.0,0.5,0,0,0.04,9
760,25.3333,101.513,363.95,347.63,8972.66,SQUARE_BOX,10.0,245.0,0.5,0,0,0.04,9
761,25.3667,93.881,348.213,524.71,6308.98,SQUARE_BOX,10.0,245.0,0.5,0,0,0.04,9
762,25.4,80.85,328.417,710.99,6078.5,SQUARE_BOX,10.0,245.0,0.5,0,0,0.04,9
763,25.4333,69.356,312.315,593.51,3600.7,SQUARE_BOX,10.0,245.0,0.5,0,0,0.04,9
764,25.4667,61.677,306.745,284.61,10081.14,SQUARE_BOX,10.0,245.0,0.5,0,0,0.04,9
765,25.5,58.681,296.881,309.26,5718.0,SQUARE_BOX,10.0,245.0,0.5,0,0,0.04,9
766,25.5333,66.967,287.249,381.16,10155.42,SQUARE_BOX,10.0,245.0,0.5,0,0,0.04,9
767,25.5667,74.834,266.712,659.77,9821.62,SQUARE_BOX,10.0,245.0,0.5,0,0,0.04,9
768,25.6,80.392,248.423,573.42,2901.31,SQUARE_BOX,10.0,245.0,0.5,0,0,0.04,9
769,25.6333,87.057,230.073,585.7,998.85,SQUARE_BOX,10.0,245.0,0.5,0,0,0.04,9
770,25.6667,92.737,220.334,338.24,7800.13,SQUARE_BOX,10.0,245.0,0.5,0,0,0.04,9
771,25.7,110.359,212.405,579.7,10870.71,SQUARE_BOX,10.0,245.0,0.5,0,0,0.04,9
772,25.7333,131.736,198.834,759.63,6100.4,SQUARE_BOX,10.0,245.0,0.5,0,0,0.04,9
773,25.7667,157.545,182.026,923.99,4939.3,SQUARE_BOX,10.0,245.0,0.5,0,0,0.04,9
774,25.8,173.632,160.059,816.81,9905.77,SQUARE_BOX,10.0,245.0,0.5,0,0,0.04,9
775,25.8333,191.723,145.5,696.64,6906.98,SQUARE_BOX,10.0,245.0,0.5,0,0,0.04,9
776,25.8667,211.648,139.533,623.99,7906.59,SQUARE_BOX,10.0,245.0,0.5,0,0,0.04,9
777,25.9,234.937,132.306,731.55,3232.98,SQUARE_BOX,10.0,245.0,0.5,0,0,0.04,9
778,25.9333,270.812,124.539,1101.18,11337.42,SQUARE_BOX,10.0,245.0,0.5,0,0,0.04,9
779,25.9667,299.446,108.655,982.32,9789.72,SQUARE_BOX,10.0,245.0,0.5,0,0,0.04,9
780,26.0,325.211,92.809,907.45,2581.26,SQUARE_BOX,10.0,245.0,0.5,0,0,0.04,9
781,26.0333,340.506,85.683,506.18,12264.22,SQUARE_BOX,10.0,245.0,0.5,0,0,0.04,9
782,26.0667,366.612,82.772,788.04,10444.6,SQUARE_BOX,10.0,245.0,0.5,0,0,0.04,9
783,26.1,395.569,82.918,868.72,3761.58,SQUARE_BOX,10.0,245.0,0.5,0,0,0.04,9
784,26.1333,428.115,77.778,988.47,5750.22,SQUARE_BOX,10.0,245.0,0.5,0,0,0.04,9
785,26.1667,452.392,68.968,774.8,8141.98,SQUARE_BOX,10.0,245.0,0.5,0,0,0.04,9
786,26.2,473.131,61.981,656.53,3582.4,SQUARE_BOX,10.0,245.0,0.5,0,0,0.04,9
787,26.2333,487.28,62.423,424.69,8937.72,SQUARE_BOX,10.0,245.0,0.5,0,0,0.04,9
788,26.2667,504.916,64.639,533.24,3520.1,SQUARE_BOX,10.0,245.0,0.5,0,0,0.04,9
789,26.3,524.534,71.859,627.14,4845.32,SQUARE_BOX,10.0,245.0,0.5,0,0,0.04,9
790,26.3333,543.833,74.089,582.82,4500.63,SQUARE_BOX,10.0,245.0,0.5,0,0,0.04,9
791,26.3667,557.842,70.355,434.95,7175.32,SQUARE_BOX,10.0,245.0,0.5,0,0,0.04,9
792,26.4,563.972,69.389,186.16,7516.47,SQUARE_BOX,10.0,245.0,0.5,0,0,0.04,9
793,26.4333,567.351,78.726,297.91,9598.24,SQUARE_BOX,10.0,245.0,0.5,0,0,0.04,9
794,26.4667,565.182,90.889,370.65,5603.68,SQUARE_BOX,10.0,245.0,0.5,0,0,0.04,9
795,26.5,572.316,101.14,374.66,8548.2,SQUARE_BOX,10.0,245.0,0.5,0,0,0.04,9
796,26.5333,578.649,113.054,404.78,1661.3,SQUARE_BOX,10.0,245.0,0.5,0,0,0.04,9
797,26.5667,574.548,115.395,141.67,12744.46,SQUARE_BOX,10.0,245.0,0.5,0,0,0.04,9
798,26.6,563.103,122.976,411.87,8120.27,SQUARE_BOX,10.0,245.0,0.5,0,0,0.04,9
799,26.6333,547.165,138.496,667.36,8208.63,SQUARE_BOX,10.0,245.0,0.5,0,0,0.04,9
800,26.6667,536.636,155.243,593.48,4990.62,SQUARE_BOX,10.0,245.0,0.5,0,0,0.04,9
801,26.7,525.52,172.669,620.07,806.29,SQUARE_BOX,10.0,245.0,0.5,0,0,0.04,9
802,26.7333,515.792,179.751,360.99,9392.51,SQUARE_BOX,10.0,245.0,0.5,0,0,0.04,9
803,26.7667,496.295,189.872,659.01,9207.07,SQUARE_BOX,10.0,245.0,0.5,0,0,0.04,9
804,26.8,470.117,201.103,854.58,6096.19,SQUARE_BOX,10.0,245.0,0.5,0,0,0.04,9
805,26.8333,441.011,215.866,979.09,4128.69,SQUARE_BOX,10.0,245.0,0.5,0,0,0.04,9
806,26.8667,420.855,238.633,912.19,10806.27,SQUARE_BOX,10.0,245.0,0.5,0,0,0.04,9
807,26.9,401.504,255.709,774.24,5172.03,SQUARE_BOX,10.0,245.0,0.5,0,0,0.04,9
808,26.9333,376.947,269.442,844.08,5568.08,SQUARE_BOX,10.0,245.0,0.5,0,0,0.04,9
809,26.9667,353.83,277.096,730.55,5622.66,SQUARE_BOX,10.0,245.0,0.5,0,0,0.04,9
810,27.0,320.315,283.842,1025.61,9393.15,SQUARE_BOX,10.0,250.0,0.2,0,0,0.005,10
811,27.0333,322.942,283.285,80.56,33185.11,SQUARE_BOX,10.0,250.0,0.198,0,0,0.005,10
812,27.0667,325.558,282.919,79.24,172.77,SQUARE_BOX,10.0,250.0,0.196,0,0,0.005,10
813,27.1,328.285,282.681,82.12,152.18,SQUARE_BOX,10.0,250.0,0.193,0,0,0.005,10
814,27.1333,331.197,282.453,87.64,167.0,SQUARE_BOX,10.0,250.0,0.191,0,0,0.005,10
815,27.1667,334.301,282.094,93.75,209.04,SQUARE_BOX,10.0,250.0,0.189,0,0,0.005,10
816,27.2,337.533,281.475,98.73,260.68,SQUARE_BOX,10.0,250.0,0.187,0,0,0.005,10
817,27.2333,340.773,280.512,101.4,310.05,SQUARE_BOX,10.0,250.0,0.184,0,0,0.005,10
818,27.2667,343.872,279.186,101.13,350.17,SQUARE_BOX,10.0,250.0,0.182,0,0,0.005,10
819,27.3,346.69,277.55,97.73,376.7,SQUARE_BOX,10.0,250.0,0.18,0,0,0.005,10
820,27.3333,349.125,275.719,91.41,386.95,SQUARE_BOX,10.0,250.0,0.178,0,0,0.005,10
821,27.3667,351.141,273.837,82.73,379.67,SQUARE_BOX,10.0,250.0,0.176,0,0,0.005,10
822,27.4,352.774,272.05,72.63,355.04,SQUARE_BOX,10.0,250.0,0.173,0,0,0.005,10
823,27.4333,354.123,270.467,62.4,314.72,SQUARE_BOX,10.0,250.0,0.171,0,0,0.005,10
824,27.4667,355.325,269.135,53.81,262.32,SQUARE_BOX,10.0,250.0,0.169,0,0,0.005,10
825,27.5,356.519,268.03,48.81,204.54,SQUARE_BOX,10.0,250.0,0.167,0,0,0.005,10
826,27.5333,357.816,267.063,48.52,154.94,SQUARE_BOX,10.0,250.0,0.164,0,0,0.005,10
827,27.5667,359.267,266.105,52.17,138.78,SQUARE_BOX,10.0,250.0,0.162,0,0,0.005,10
828,27.6,360.852,265.014,57.73,169.33,SQUARE_BOX,10.0,250.0,0.16,0,0,0.005,10
829,27.6333,362.486,263.679,63.29,224.03,SQUARE_BOX,10.0,250.0,0.158,0,0,0.005,10
830,27.6667,364.037,262.043,67.63,281.18,SQUARE_BOX,10.0,250.0,0.156,0,0,0.005,10
831,27.7,365.361,260.12,70.05,330.07,SQUARE_BOX,10.0,250.0,0.153,0,0,0.005,10
832,27.7333,366.335,257.99,70.25,365.11,SQUARE_BOX,10.0,250.0,0.151,0,0,0.005,10
833,27.7667,366.89,255.786,68.18,383.28,SQUARE_BOX,10.0,250.0,0.149,0,0,0.005,10
834,27.8,367.025,253.658,63.98,383.36,SQUARE_BOX,10.0,250.0,0.147,0,0,0.005,10
835,27.8333,366.812,251.738,57.95,365.68,SQUARE_BOX,10.0,250.0,0.144,0,0,0.005,10
836,27.8667,366.374,250.111,50.56,332.16,SQUARE_BOX,10.0,250.0,0.142,0,0,0.005,10
837,27.9,365.858,248.792,42.47,286.42,SQUARE_BOX,10.0,250.0,0.14,0,0,0.005,10
838,27.9333,365.402,247.727,34.76,234.45,SQUARE_BOX,10.0,250.0,0.138,0,0,0.005,10
839,27.9667,365.095,246.805,29.16,186.34,SQUARE_BOX,10.0,250.0,0.136,0,0,0.005,10
840,28.0,364.966,245.884,27.88,158.67,SQUARE_BOX,10.0,250.0,0.133,0,0,0.005,10
841,28.0333,364.966,244.833,31.53,166.44,SQUARE_BOX,10.0,250.0,0.131,0,0,0.005,10
842,28.0667,364.993,243.559,38.24,202.52,SQUARE_BOX,10.0,250.0,0.129,0,0,0.005,10
843,28.1,364.909,242.032,45.88,248.21,SQUARE_BOX,10.0,250.0,0.127,0,0,0.005,10
844,28.1333,364.579,240.296,53.03,291.0,SQUARE_BOX,10.0,250.0,0.124,0,0,0.005,10
845,28.1667,363.904,238.454,58.84,324.4,SQUARE_BOX,10.0,250.0,0.122,0,0,0.005,10
846,28.2,362.847,236.65,62.74,345.22,SQUARE_BOX,10.0,250.0,0.12,0,0,0.005,10
847,28.2333,361.444,235.027,64.37,352.29,SQUARE_BOX,10.0,250.0,0.118,0,0,0.005,10
848,28.2667,359.794,233.698,63.55,345.93,SQUARE_BOX,10.0,250.0,0.116,0,0,0.005,10
849,28.3,358.038,232.719,60.32,327.71,SQUARE_BOX,10.0,250.0,0.113,0,0,0.005,10
850,28.3333,356.326,232.07,54.9,300.4,SQUARE_BOX,10.0,250.0,0.111,0,0,0.005,10
851,28.3667,354.783,231.667,47.86,267.94,SQUARE_BOX,10.0,250.0,0.109,0,0,0.005,10
852,28.4,353.474,231.38,40.2,235.62,SQUARE_BOX,10.0,250.0,0.107,0,0,0.005,10
853,28.4333,352.396,231.065,33.68,209.94,SQUARE_BOX,10.0,250.0,0.104,0,0,0.005,10
854,28.4667,351.479,230.6,30.86,197.42,SQUARE_BOX,10.0,250.0,0.102,0,0,0.005,10
855,28.5,350.6,229.915,33.43,201.06,SQUARE_BOX,10.0,250.0,0.1,0,0,0.005,10
856,28.5333,349.621,229.009,40.01,217.99,SQUARE_BOX,10.0,250.0,0.098,0,0,0.005,10
857,28.5667,348.42,227.952,48.0,241.97,SQUARE_BOX,10.0,250.0,0.096,0,0,0.005,10
858,28.6,346.924,226.865,55.48,267.22,SQUARE_BOX,10.0,250.0,0.093,0,0,0.005,10
859,28.6333,345.127,225.893,61.29,289.73,SQUARE_BOX,10.0,250.0,0.091,0,0,0.005,10
860,28.6667,343.095,225.169,64.72,307.04,SQUARE_BOX,10.0,250.0,0.089,0,0,0.005,10
861,28.7,340.949,224.779,65.42,317.74,SQUARE_BOX,10.0,250.0,0.087,0,0,0.005,10
862,28.7333,338.84,224.744,63.28,321.15,SQUARE_BOX,10.0,250.0,0.084,0,0,0.005,10
863,28.7667,336.91,225.013,58.48,317.09,SQUARE_BOX,10.0,250.0,0.082,0,0,0.005,10
864,28.8,335.259,225.475,51.43,305.88,SQUARE_BOX,10.0,250.0,0.08,0,0,0.005,10
865,28.8333,333.924,225.987,42.88,288.41,SQUARE_BOX,10.0,250.0,0.078,0,0,0.005,10
866,28.8667,332.871,226.407,34.01,266.34,SQUARE_BOX,10.0,250.0,0.076,0,0,0.005,10
867,28.9,332.002,226.63,26.92,242.39,SQUARE_BOX,10.0,250.0,0.073,0,0,0.005,10
868,28.9333,331.183,226.614,24.59,220.7,SQUARE_BOX,10.0,250.0,0.071,0,0,0.005,10
869,28.9667,330.275,226.385,28.08,206.64,SQUARE_BOX,10.0,250.0,0.069,0,0,0.005,10
870,29.0,329.173,226.037,34.66,205.13,SQUARE_BOX,10.0,250.0,0.067,0,0,0.005,10
871,29.0333,327.83,225.703,41.52,217.52,SQUARE_BOX,10.0,250.0,0.064,0,0,0.005,10
872,29.0667,326.27,225.524,47.11,240.4,SQUARE_BOX,10.0,250.0,0.062,0,0,0.005,10
873,29.1,324.583,225.615,50.69,267.97,SQUARE_BOX,10.0,250.0,0.06,0,0,0.005,10
874,29.1333,322.904,226.032,51.9,294.62,SQUARE_BOX,10.0,250.0,0.058,0,0,0.005,10
875,29.1667,321.381,226.765,50.68,315.97,SQUARE_BOX,10.0,250.0,0.056,0,0,0.005,10
876,29.2,320.14,227.73,47.17,328.91,SQUARE_BOX,10.0,250.0,0.053,0,0,0.005,10
877,29.2333,319.253,228.797,41.64,331.58,SQUARE_BOX,10.0,250.0,0.051,0,0,0.005,10
878,29.2667,318.722,229.819,34.54,323.32,SQUARE_BOX,10.0,250.0,0.049,0,0,0.005,10
879,29.3,318.48,230.664,26.36,304.75,SQUARE_BOX,10.0,250.0,0.047,0,0,0.005,10
880,29.3333,318.405,231.249,17.7,277.93,SQUARE_BOX,10.0,250.0,0.044,0,0,0.005,10
881,29.3667,318.355,231.561,9.49,246.74,SQUARE_BOX,10.0,250.0,0.042,0,0,0.005,10
882,29.4,318.197,231.657,5.54,217.32,SQUARE_BOX,10.0,250.0,0.04,0,0,0.005,10
883,29.4333,317.845,231.65,10.56,198.0,SQUARE_BOX,10.0,250.0,0.038,0,0,0.005,10
884,29.4667,317.279,231.68,17.03,196.27,SQUARE_BOX,10.0,250.0,0.036,0,0,0.005,10
885,29.5,316.547,231.879,22.74,212.85,SQUARE_BOX,10.0,250.0,0.033,0,0,0.005,10
886,29.5333,315.761,232.341,27.35,240.95,SQUARE_BOX,10.0,250.0,0.031,0,0,0.005,10
887,29.5667,315.061,233.093,30.81,272.03,SQUARE_BOX,10.0,250.0,0.029,0,0,0.005,10
888,29.6,314.586,234.09,33.14,299.52,SQUARE_BOX,10.0,250.0,0.027,0,0,0.005,10
889,29.6333,314.437,235.227,34.39,319.21,SQUARE_BOX,10.0,250.0,0.024,0,0,0.005,10
890,29.6667,314.653,236.36,34.62,328.8,SQUARE_BOX,10.0,250.0,0.022,0,0,0.005,10
891,29.7,315.202,237.346,33.83,327.52,SQUARE_BOX,10.0,250.0,0.02,0,0,0.005,10
892,29.7333,315.985,238.07,32.01,315.94,SQUARE_BOX,10.0,250.0,0.018,0,0,0.005,10
893,29.7667,316.865,238.48,29.11,295.92,SQUARE_BOX,10.0,250.0,0.016,0,0,0.005,10
894,29.8,317.694,238.594,25.1,270.57,SQUARE_BOX,10.0,250.0,0.013,0,0,0.005,10
895,29.8333,318.353,238.496,19.99,244.31,SQUARE_BOX,10.0,250.0,0.011,0,0,0.005,10
896,29.8667,318.778,238.316,13.86,222.62,SQUARE_BOX,10.0,250.0,0.009,0,0,0.005,10
897,29.9,318.977,238.197,6.96,210.92,SQUARE_BOX,10.0,250.0,0.007,0,0,0.005,10
898,29.9333,319.025,238.258,2.34,212.12,SQUARE_BOX,10.0,250.0,0.004,0,0,0.005,10
899,29.9667,319.046,238.568,9.31,224.68,SQUARE_BOX,10.0,250.0,0.002,0,0,0.005,10
