frame_idx,timestamp_s,ground_truth_u,ground_truth_v,occulted
0,0.0,319.303,243.147,0
1,0.0333,327.077,249.305,0
2,0.0667,332.599,256.911,0
3,0.1,338.382,262.695,0
4,0.1333,345.452,267.104,0
5,0.1667,348.969,274.908,0
6,0.2,353.391,280.086,0
7,0.2333,358.558,285.529,0
8,0.2667,360.814,294.085,0
9,0.3,368.237,299.544,0
10,0.3333,371.233,309.145,0
11,0.3667,378.445,316.617,0
12,0.4,385.998,323.054,0
13,0.4333,392.573,328.611,0
14,0.4667,399.439,334.669,0
15,0.5,404.963,338.208,0
16,0.5333,409.591,343.264,0
17,0.5667,413.216,345.201,0
18,0.6,414.78,348.852,0
19,0.6333,420.296,350.102,0
20,0.6667,422.938,354.509,0
21,0.7,427.287,357.513,0
22,0.7333,431.977,361.508,0
23,0.7667,437.532,364.116,0
24,0.8,444.966,366.11,0
25,0.8333,450.815,370.02,0
26,0.8667,455.118,370.92,0
27,0.9,459.734,373.399,0
28,0.9333,461.831,373.097,0
29,0.9667,465.279,371.886,0
30,1.0,466.704,367.83,0
31,1.0333,469.46,365.805,0
32,1.0667,473.326,364.198,0
33,1.1,477.242,361.961,0
34,1.1333,481.58,360.844,0
35,1.1667,484.32,359.102,0
36,1.2,489.304,355.952,0
37,1.2333,493.311,355.197,0
38,1.2667,496.755,351.141,0
39,1.3,499.509,349.041,0
40,1.3333,501.677,344.503,0
41,1.3667,503.823,340.036,0
42,1.4,503.016,332.686,0
43,1.4333,504.178,329.111,0
44,1.4667,506.213,321.963,0
45,1.5,508.803,313.704,0
46,1.5333,510.192,308.208,0
47,1.5667,513.075,301.315,0
48,1.6,516.525,295.641,0
49,1.6333,519.804,288.753,0
50,1.6667,520.127,282.746,0
51,1.7,521.051,278.049,0
52,1.7333,520.082,271.163,0
53,1.7667,520.451,265.552,0
54,1.8,517.901,258.882,0
55,1.8333,517.085,250.53,0
56,1.8667,516.653,243.103,0
57,1.9,517.636,235.13,0
58,1.9333,518.276,225.922,0
59,1.9667,519.228,218.73,0
60,2.0,520.247,209.965,0
61,2.0333,520.87,203.002,0
62,2.0667,520.335,197.413,0
63,2.1,518.827,190.382,0
64,2.1333,516.511,185.595,0
65,2.1667,514.706,179.46,0
66,2.2,511.376,173.886,0
67,2.2333,507.572,168.69,0
68,2.2667,507.96,163.345,0
69,2.3,504.907,157.084,0
70,2.3333,505.806,149.899,0
71,2.3667,503.984,144.734,0
72,2.4,504.069,138.933,0
73,2.4333,501.569,133.279,0
74,2.4667,499.073,128.288,0
75,2.5,495.037,123.687,0
76,2.5333,491.47,122.26,0
77,2.5667,485.603,119.44,0
78,2.6,483.585,118.391,0
79,2.6333,477.96,119.002,0
80,2.6667,476.884,116.029,0
81,2.7,472.062,113.766,0
82,2.7333,470.07,112.425,0
83,2.7667,467.044,111.9,0
84,2.8,465.046,109.721,0
85,2.8333,461.927,109.347,0
86,2.8667,457.5,109.782,0
87,2.9,452.52,110.371,0
88,2.9333,446.333,110.193,0
89,2.9667,442.145,112.231,0
90,3.0,434.31,114.834,0
91,3.0333,429.299,118.485,0
92,3.0667,424.544,123.035,0
93,3.1,420.345,126.254,0
94,3.1333,418.492,130.987,0
95,3.1667,416.257,134.363,0
96,3.2,411.568,137.453,0
97,3.2333,407.754,142.373,0
98,3.2667,401.644,144.696,0
99,3.3,396.115,148.726,0
100,3.3333,387.678,153.474,0
101,3.3667,380.843,158.475,0
102,3.4,376.146,165.607,0
103,3.4333,369.077,172.987,0
104,3.4667,364.14,180.06,0
105,3.5,361.192,188.555,0
106,3.5333,356.859,195.857,0
107,3.5667,352.004,203.859,0
108,3.6,348.146,209.861,0
109,3.6333,343.408,215.534,0
110,3.6667,337.583,222.826,0
111,3.7,328.469,230.26,0
112,3.7333,322.385,235.29,0
113,3.7667,315.243,241.829,0
114,3.8,308.702,247.531,0
115,3.8333,302.91,255.541,0
116,3.8667,297.412,264.168,0
117,3.9,293.505,271.428,0
118,3.9333,288.57,281.318,0
119,3.9667,285.387,289.25,0
120,4.0,280.771,293.821,0
121,4.0333,277.806,302.384,0
122,4.0667,270.255,308.147,0
123,4.1,262.656,313.686,0
124,4.1333,254.392,319.724,0
125,4.1667,249.152,323.948,0
126,4.2,243.043,327.442,0
127,4.2333,236.685,331.5,0
128,4.2667,234.044,336.16,0
129,4.3,230.375,341.959,0
130,4.3333,226.632,346.803,0
131,4.3667,223.505,350.64,0
132,4.4,219.36,356.579,0
133,4.4333,214.423,360.285,0
134,4.4667,209.467,363.85,0
135,4.5,203.418,367.609,0
136,4.5333,196.102,367.063,0
137,4.5667,191.377,368.188,0
138,4.6,187.39,368.126,0
139,4.6333,183.09,369.744,0
140,4.6667,178.381,366.334,0
141,4.7,176.805,367.506,0
142,4.7333,172.94,367.371,0
143,4.7667,172.359,366.86,0
144,4.8,168.732,366.582,0
145,4.8333,165.445,366.841,0
146,4.8667,161.277,365.188,0
147,4.9,156.034,364.114,0
148,4.9333,151.466,361.888,0
149,4.9667,147.264,358.454,0
150,5.0,143.967,353.385,0
151,5.0333,140.958,349.486,0
152,5.0667,140.401,344.756,0
153,5.1,139.343,338.624,0
154,5.1333,137.386,332.458,0
155,5.1667,134.896,328.877,0
156,5.2,134.74,322.7,0
157,5.2333,132.749,317.719,0
158,5.2667,130.086,314.306,0
159,5.3,127.802,307.776,0
160,5.3333,124.914,303.2,0
161,5.3667,122.156,296.157,0
162,5.4,120.475,289.117,0
163,5.4333,119.763,282.144,0
164,5.4667,121.629,275.193,0
165,5.5,121.168,267.271,0
166,5.5333,122.006,257.798,0
167,5.5667,123.326,249.21,0
168,5.6,122.816,244.051,0
169,5.6333,121.25,236.464,0
170,5.6667,121.476,229.116,0
171,5.7,120.833,223.257,0
172,5.7333,119.448,215.902,0
173,5.7667,118.9,210.696,0
174,5.8,119.056,205.57,0
175,5.8333,120.505,196.01,0
176,5.8667,122.135,189.904,0
177,5.9,124.77,184.073,0
178,5.9333,128.543,176.159,0
179,5.9667,130.549,169.634,0
180,6.0,132.281,162.996,0
181,6.0333,134.468,155.24,0
182,6.0667,134.092,149.834,0
183,6.1,135.144,145.374,0
184,6.1333,137.14,140.439,0
185,6.1667,137.976,137.569,0
186,6.2,139.197,134.411,0
187,6.2333,143.119,131.479,0
188,6.2667,147.311,127.498,0
189,6.3,152.487,123.438,0
190,6.3333,155.982,121.867,0
191,6.3667,160.594,117.283,0
192,6.4,163.323,115.223,0
193,6.4333,166.665,110.549,0
194,6.4667,167.815,108.411,0
195,6.5,171.175,108.86,0
196,6.5333,171.548,108.358,0
197,6.5667,176.584,108.434,0
198,6.6,179.399,108.992,0
199,6.6333,184.922,112.347,0
200,6.6667,191.274,111.71,0
201,6.7,198.207,113.714,0
202,6.7333,204.101,118.182,0
203,6.7667,208.197,120.178,0
204,6.8,212.884,120.961,0
205,6.8333,216.693,122.968,0
206,6.8667,219.055,125.004,0
207,6.9,222.325,128.558,0
208,6.9333,226.079,131.163,0
209,6.9667,229.351,137.466,0
210,7.0,235.727,141.533,0
211,7.0333,242.224,148.355,0
212,7.0667,248.788,154.13,0
213,7.1,254.518,160.323,0
214,7.1333,262.819,166.357,0
215,7.1667,268.54,172.76,0
216,7.2,273.112,179.022,0
217,7.2333,279.022,183.921,0
218,7.2667,281.189,192.357,0
219,7.3,286.165,197.17,0
220,7.3333,290.059,203.283,0
221,7.3667,294.085,209.213,0
222,7.4,300.645,216.029,0
223,7.4333,307.599,223.205,0
224,7.4667,314.855,230.265,0
225,7.5,322.039,239.524,0
226,7.5333,329.558,247.226,0
227,7.5667,333.619,257.01,0
228,7.6,339.299,264.322,0
229,7.6333,343.903,272.074,0
230,7.6667,348.068,276.34,0
231,7.7,350.887,283.598,0
232,7.7333,356.116,289.34,0
233,7.7667,361.232,295.823,0
234,7.8,367.165,300.084,0
235,7.8333,373.629,305.554,0
236,7.8667,380.991,311.53,0
237,7.9,388.193,319.32,0
238,7.9333,392.752,325.999,0
239,7.9667,398.269,330.811,0
240,8.0,404.432,337.884,0
241,8.0333,407.105,342.316,0
242,8.0667,411.079,347.426,0
243,8.1,413.242,353.491,0
244,8.1333,417.466,355.913,0
245,8.1667,423.016,357.192,0
246,8.2,429.203,359.532,0
247,8.2333,435.086,361.745,0
248,8.2667,439.96,361.923,0
249,8.3,445.998,364.575,0
250,8.3333,450.86,364.455,0
251,8.3667,455.66,368.094,0
252,8.4,459.529,370.075,0
253,8.4333,461.957,369.414,0
254,8.4667,462.424,371.25,0
255,8.5,464.905,372.193,0
256,8.5333,468.848,370.865,0
257,8.5667,472.879,368.686,0
258,8.6,477.222,366.557,0
259,8.6333,482.772,363.343,0
260,8.6667,487.35,361.405,0
261,8.7,491.032,355.537,0
262,8.7333,494.312,352.739,0
263,8.7667,497.508,348.937,0
264,8.8,499.835,343.686,0
265,8.8333,500.859,340.864,0
266,8.8667,500.975,338.177,0
267,8.9,503.055,334.834,0
268,8.9333,502.887,330.108,0
269,8.9667,504.445,324.731,0
270,9.0,508.176,319.244,0
271,9.0333,511.645,310.924,0
272,9.0667,516.381,304.57,0
273,9.1,516.459,295.565,0
274,9.1333,518.025,290.432,0
275,9.1667,519.198,284.077,0
276,9.2,519.383,276.007,0
277,9.2333,519.278,267.109,0
278,9.2667,517.858,261.458,0
279,9.3,515.886,255.292,0
280,9.3333,517.728,249.079,0
281,9.3667,517.561,242.447,0
282,9.4,518.987,238.215,0
283,9.4333,518.503,229.617,0
284,9.4667,521.873,222.146,0
285,9.5,521.25,214.288,0
286,9.5333,520.427,206.289,0
287,9.5667,519.988,197.001,0
288,9.6,516.845,189.933,0
289,9.6333,514.757,184.157,0
290,9.6667,511.633,176.986,0
291,9.7,509.236,171.046,0
292,9.7333,508.88,165.901,0
293,9.7667,506.721,159.662,0
294,9.8,506.375,157.302,0
295,9.8333,505.43,151.718,0
296,9.8667,505.092,147.511,0
297,9.9,504.333,142.049,0
298,9.9333,503.362,136.989,0
299,9.9667,498.261,132.022,0
300,10.0,493.069,128.405,0
301,10.0333,489.653,121.393,0
302,10.0667,485.343,117.997,0
303,10.1,482.308,117.492,0
304,10.1333,478.118,113.759,0
305,10.1667,475.074,112.565,0
306,10.2,473.498,111.741,0
307,10.2333,472.287,111.179,0
308,10.2667,469.061,112.755,0
309,10.3,465.47,111.271,0
310,10.3333,462.777,112.315,0
311,10.3667,458.318,112.469,0
312,10.4,451.675,112.62,0
313,10.4333,444.674,113.12,0
314,10.4667,440.565,114.48,0
315,10.5,433.967,113.459,0
316,10.5333,430.433,116.675,0
317,10.5667,426.184,119.56,0
318,10.6,423.238,122.423,0
319,10.6333,420.838,128.943,0
320,10.6667,415.53,132.887,0
321,10.7,410.363,137.096,0
322,10.7333,407.108,143.515,0
323,10.7667,399.642,148.418,0
324,10.8,392.493,152.71,0
325,10.8333,387.197,158.303,0
326,10.8667,378.887,162.965,0
327,10.9,375.536,168.259,0
328,10.9333,369.589,172.261,0
329,10.9667,365.622,178.283,0
330,11.0,362.412,184.803,0
331,11.0333,356.949,191.503,0
332,11.0667,351.799,198.583,0
333,11.1,348.755,208.144,0
334,11.1333,341.344,214.998,0
335,11.1667,335.251,223.966,0
336,11.2,327.874,232.35,0
337,11.2333,322.141,238.481,0
338,11.2667,314.024,246.675,0
339,11.3,308.648,250.547,0
340,11.3333,303.602,257.569,0
341,11.3667,299.002,264.7,0
342,11.4,295.286,270.73,0
343,11.4333,291.218,277.543,0
344,11.4667,287.019,283.826,0
345,11.5,281.737,291.665,0
346,11.5333,275.243,298.239,0
347,11.5667,267.765,306.336,0
348,11.6,260.495,313.518,0
349,11.6333,255.236,320.411,0
350,11.6667,248.861,326.704,0
351,11.7,242.799,330.718,0
352,11.7333,238.811,335.568,0
353,11.7667,235.694,338.621,0
354,11.8,231.939,343.299,0
355,11.8333,227.915,346.112,0
356,11.8667,224.475,349.675,0
357,11.9,218.922,351.59,0
358,11.9333,214.389,356.926,0
359,11.9667,207.158,358.086,0
360,12.0,201.829,365.401,1
361,12.0333,195.337,366.721,1
362,12.0667,189.345,368.522,1
363,12.1,186.87,370.826,1
364,12.1333,182.587,372.144,1
365,12.1667,181.19,372.587,1
366,12.2,179.164,371.597,1
367,12.2333,176.813,370.21,1
368,12.2667,172.711,367.844,1
369,12.3,169.048,366.691,1
370,12.3333,163.333,364.613,1
371,12.3667,159.429,361.95,1
372,12.4,153.554,359.54,1
373,12.4333,148.545,358.574,1
374,12.4667,147.212,358.93,1
375,12.5,142.667,352.824,1
376,12.5333,142.4,350.421,1
377,12.5667,141.631,346.806,1
378,12.6,141.302,342.366,1
379,12.6333,139.546,337.801,1
380,12.6667,137.741,331.345,1
381,12.7,136.762,324.384,1
382,12.7333,132.056,317.66,1
383,12.7667,128.981,310.302,1
384,12.8,127.369,305.292,1
385,12.8333,121.503,298.408,1
386,12.8667,121.265,292.895,1
387,12.9,120.236,286.536,1
388,12.9333,119.366,281.361,1
389,12.9667,122.521,275.545,1
390,13.0,122.043,269.479,1
391,13.0333,122.98,262.631,1
392,13.0667,122.763,255.945,1
393,13.1,122.303,245.408,1
394,13.1333,121.277,238.255,1
395,13.1667,118.849,229.477,1
396,13.2,118.95,220.931,1
397,13.2333,117.133,214.331,1
398,13.2667,118.668,207.637,1
399,13.3,118.794,201.619,1
400,13.3333,122.256,194.828,1
401,13.3667,125.839,188.868,1
402,13.4,126.614,182.259,1
403,13.4333,128.897,178.22,1
404,13.4667,132.379,172.294,1
405,13.5,130.949,167.104,1
406,13.5333,131.389,160.089,1
407,13.5667,132.907,154.366,1
408,13.6,132.848,146.82,1
409,13.6333,134.356,140.435,1
410,13.6667,138.336,134.71,1
411,13.7,140.28,131.267,1
412,13.7333,146.005,127.999,1
413,13.7667,149.137,125.444,1
414,13.8,154.057,122.535,1
415,13.8333,156.915,120.35,1
416,13.8667,159.991,119.602,1
417,13.9,164.057,118.04,1
418,13.9333,165.491,115.097,1
419,13.9667,167.779,113.918,1
420,14.0,168.492,112.374,1
421,14.0333,172.783,108.906,1
422,14.0667,175.53,107.177,1
423,14.1,181.02,108.22,1
424,14.1333,186.5,108.932,1
425,14.1667,192.296,108.954,1
426,14.2,198.266,111.676,1
427,14.2333,202.941,113.849,1
428,14.2667,208.436,118.39,1
429,14.3,212.684,120.414,1
430,14.3333,214.344,125.92,1
431,14.3667,216.852,128.941,1
432,14.4,220.31,131.806,1
433,14.4333,226.189,136.466,1
434,14.4667,230.896,139.471,1
435,14.5,239.313,142.091,1
436,14.5333,243.882,144.828,1
437,14.5667,248.97,151.227,1
438,14.6,256.737,157.745,1
439,14.6333,262.917,162.831,1
440,14.6667,267.38,170.507,1
441,14.7,271.918,177.171,1
442,14.7333,275.903,185.079,1
443,14.7667,279.124,193.008,1
444,14.8,283.076,199.256,1
445,14.8333,289.879,206.73,1
446,14.8667,295.928,212.31,1
447,14.9,301.306,220.553,1
448,14.9333,307.796,225.609,1
449,14.9667,316.047,231.049,1
450,15.0,323.065,236.994,1
451,15.0333,328.992,244.203,0
452,15.0667,332.951,252.931,0
453,15.1,338.746,259.517,0
454,15.1333,341.404,267.452,0
455,15.1667,345.414,277.981,0
456,15.2,350.35,284.052,0
457,15.2333,355.634,292.399,0
458,15.2667,361.698,297.922,0
459,15.3,369.482,303.38,0
460,15.3333,375.982,309.741,0
461,15.3667,384.813,314.952,0
462,15.4,388.112,318.362,0
463,15.4333,393.457,324.77,0
464,15.4667,397.715,329.059,0
465,15.5,401.598,334.222,0
466,15.5333,404.907,339.135,0
467,15.5667,408.925,347.573,0
468,15.6,413.435,351.558,0
469,15.6333,419.375,354.358,0
470,15.6667,424.734,357.469,0
471,15.7,429.809,362.665,0
472,15.7333,436.496,364.396,0
473,15.7667,443.415,366.813,0
474,15.8,446.043,365.74,0
475,15.8333,452.401,368.28,0
476,15.8667,452.942,368.329,0
477,15.9,458.19,367.541,0
478,15.9333,458.251,367.095,0
479,15.9667,462.704,367.21,0
480,16.0,466.406,367.712,0
481,16.0333,469.961,366.661,0
482,16.0667,474.073,368.065,0
483,16.1,478.448,367.368,0
484,16.1333,483.528,365.801,0
485,16.1667,488.507,363.751,0
486,16.2,493.314,360.949,0
487,16.2333,495.773,354.805,0
488,16.2667,494.415,351.311,0
489,16.3,497.423,344.866,0
490,16.3333,497.574,340.276,0
491,16.3667,498.563,335.973,0
492,16.4,502.094,331.914,0
493,16.4333,505.565,325.101,0
494,16.4667,508.15,321.674,0
495,16.5,510.54,316.756,0
496,16.5333,515.148,311.852,0
497,16.5667,515.567,307.147,0
498,16.6,516.776,300.501,0
499,16.6333,519.187,294.335,0
500,16.6667,517.265,286.184,0
501,16.7,515.939,277.264,0
502,16.7333,515.157,270.496,0
503,16.7667,517.069,261.815,0
504,16.8,516.378,253.344,0
505,16.8333,518.069,246.639,0
506,16.8667,517.595,240.126,0
507,16.9,521.723,233.034,0
508,16.9333,522.798,226.963,0
509,16.9667,523.085,221.035,0
510,17.0,522.907,215.862,0
511,17.0333,518.682,208.845,0
512,17.0667,517.773,201.746,0
513,17.1,515.866,193.585,0
514,17.1333,513.113,185.356,0
515,17.1667,510.602,177.442,0
516,17.2,510.286,170.428,0
517,17.2333,508.796,164.369,0
518,17.2667,508.773,157.902,0
519,17.3,508.257,152.601,0
520,17.3333,507.153,149.028,0
521,17.3667,505.326,143.207,0
522,17.4,504.506,140.297,0
523,17.4333,500.601,137.037,0
524,17.4667,494.655,132.914,0
525,17.5,491.576,131.2,0
526,17.5333,487.521,125.508,0
527,17.5667,484.471,122.862,0
528,17.6,481.893,118.826,0
529,17.6333,478.877,114.872,0
530,17.6667,477.495,109.715,0
531,17.7,476.355,110.836,0
532,17.7333,473.479,109.499,0
533,17.7667,470.159,107.952,0
534,17.8,465.686,109.905,0
535,17.8333,461.442,109.715,0
536,17.8667,455.003,112.538,0
537,17.9,449.592,114.061,0
538,17.9333,444.25,115.05,0
539,17.9667,439.377,116.311,0
540,18.0,433.9,117.942,0
541,18.0333,431.457,118.579,0
542,18.0667,427.789,121.509,0
543,18.1,425.034,123.779,0
544,18.1333,420.74,125.398,0
545,18.1667,416.848,129.564,0
546,18.2,411.901,133.093,0
547,18.2333,405.629,139.574,0
548,18.2667,397.172,144.783,0
549,18.3,392.973,150.281,0
550,18.3333,385.593,158.034,0
551,18.3667,380.145,164.723,0
552,18.4,375.681,170.152,0
553,18.4333,371.355,177.152,0
554,18.4667,367.855,182.1,0
555,18.5,363.903,187.418,0
556,18.5333,358.914,193.865,0
557,18.5667,353.931,198.939,0
558,18.6,346.861,206.013,0
559,18.6333,340.582,211.302,0
560,18.6667,333.655,219.161,0
561,18.7,326.975,228.975,0
562,18.7333,320.227,235.059,0
563,18.7667,315.228,244.306,0
564,18.8,309.054,252.061,0
565,18.8333,305.328,260.979,0
566,18.8667,301.126,266.608,0
567,18.9,297.158,274.53,0
568,18.9333,292.738,279.884,0
569,18.9667,288.089,285.955,0
570,19.0,280.225,291.737,0
571,19.0333,273.606,297.977,0
572,19.0667,266.281,302.951,0
573,19.1,260.324,308.098,0
574,19.1333,254.728,316.424,0
575,19.1667,249.421,323.523,0
576,19.2,244.446,328.252,0
577,19.2333,240.732,336.323,0
578,19.2667,235.273,340.952,0
579,19.3,232.846,346.465,0
580,19.3333,229.436,349.565,0
581,19.3667,224.444,353.239,0
582,19.4,217.525,355.321,0
583,19.4333,212.051,357.138,0
584,19.4667,206.743,359.35,0
585,19.5,201.221,362.445,0
586,19.5333,194.852,363.932,0
587,19.5667,190.904,364.889,0
588,19.6,188.649,367.242,0
589,19.6333,185.432,370.33,0
590,19.6667,181.304,371.305,0
591,19.7,180.122,371.377,0
592,19.7333,175.569,372.609,0
593,19.7667,172.752,371.129,0
594,19.8,168.191,369.792,0
595,19.8333,163.09,366.898,0
596,19.8667,158.421,365.368,0
597,19.9,152.823,359.909,0
598,19.9333,149.495,356.831,0
599,19.9667,145.676,353.77,0
600,20.0,146.94,349.682,0
601,20.0333,144.327,347.017,0
602,20.0667,143.914,343.898,0
603,20.1,141.84,339.507,0
604,20.1333,140.503,334.948,0
605,20.1667,137.07,332.657,0
606,20.2,133.185,327.613,0
607,20.2333,129.495,321.336,0
608,20.2667,127.313,315.133,0
609,20.3,123.387,308.705,0
610,20.3333,123.881,301.055,0
611,20.3667,123.903,290.824,0
612,20.4,122.386,284.952,0
613,20.4333,124.793,279.13,0
614,20.4667,123.565,272.867,0
615,20.5,124.36,267.69,0
616,20.5333,124.149,259.997,0
617,20.5667,122.513,254.259,0
618,20.6,121.504,248.578,0
619,20.6333,119.355,240.866,0
620,20.6667,118.602,233.845,0
621,20.7,117.987,226.084,0
622,20.7333,118.683,218.03,0
623,20.7667,120.053,209.028,0
624,20.8,122.151,200.945,0
625,20.8333,123.235,192.574,0
626,20.8667,125.258,187.119,0
627,20.9,128.575,179.463,0
628,20.9333,129.723,174.648,0
629,20.9667,130.949,169.206,0
630,21.0,127.66,163.7,0
631,21.0333,129.875,160.15,0
632,21.0667,130.506,155.021,0
633,21.1,130.799,148.179,0
634,21.1333,135.284,143.714,0
635,21.1667,138.112,139.16,0
636,21.2,141.641,133.906,0
637,21.2333,146.101,127.876,0
638,21.2667,151.088,123.123,0
639,21.3,153.325,120.381,0
640,21.3333,156.177,117.296,0
641,21.3667,157.868,115.001,0
642,21.4,161.288,114.783,0
643,21.4333,162.046,112.117,0
644,21.4667,166.301,112.346,0
645,21.5,167.932,113.07,0
646,21.5333,173.768,113.745,0
647,21.5667,178.079,112.837,0
648,21.6,182.021,111.046,0
649,21.6333,187.515,112.105,0
650,21.6667,193.161,113.0,0
651,21.7,200.254,111.825,0
652,21.7333,201.818,113.885,0
653,21.7667,206.268,116.019,0
654,21.8,209.811,117.622,0
655,21.8333,211.727,121.673,0
656,21.8667,214.906,125.632,0
657,21.9,222.019,131.341,0
658,21.9333,225.174,135.978,0
659,21.9667,232.287,141.705,0
660,22.0,240.151,145.115,0
661,22.0333,246.399,151.517,0
662,22.0667,250.322,154.904,0
663,22.1,258.572,159.513,0
664,22.1333,261.275,165.016,0
665,22.1667,266.305,169.832,0
666,22.2,269.2,174.22,0
667,22.2333,273.572,182.382,0
668,22.2667,279.129,189.06,0
669,22.3,283.717,195.855,0
670,22.3333,290.451,204.072,0
671,22.3667,297.148,211.969,0
672,22.4,304.029,219.713,0
673,22.4333,310.313,227.727,0
674,22.4667,317.036,233.779,0
675,22.5,322.325,241.74,0
676,22.5333,327.117,247.925,0
677,22.5667,331.799,255.229,0
678,22.6,335.591,259.731,0
679,22.6333,339.431,266.808,0
680,22.6667,346.121,273.167,0
681,22.7,350.878,280.595,0
682,22.7333,358.22,288.594,0
683,22.7667,363.915,297.282,0
684,22.8,371.074,302.985,0
685,22.8333,376.618,311.784,0
686,22.8667,383.349,318.56,0
687,22.9,388.618,322.833,0
688,22.9333,392.78,328.614,0
689,22.9667,396.846,332.864,0
690,23.0,399.295,336.413,0
691,23.0333,404.048,340.427,0
692,23.0667,409.45,343.952,0
693,23.1,413.61,347.69,0
694,23.1333,419.857,351.849,0
695,23.1667,425.581,354.592,0
696,23.2,433.359,359.355,0
697,23.2333,438.702,363.327,0
698,23.2667,441.426,365.615,0
699,23.3,447.742,368.275,0
700,23.3333,450.492,371.046,0
701,23.3667,454.306,370.7,0
702,23.4,455.266,372.621,0
703,23.4333,458.116,370.592,0
704,23.4667,461.49,369.944,0
705,23.5,465.403,367.181,0
706,23.5333,470.858,364.719,0
707,23.5667,476.188,365.141,0
708,23.6,481.855,362.886,0
709,23.6333,485.289,360.032,0
710,23.6667,488.313,360.71,0
711,23.7,491.271,358.335,0
712,23.7333,494.117,356.547,0
713,23.7667,494.263,352.966,0
714,23.8,495.853,349.252,0
715,23.8333,496.016,345.074,0
716,23.8667,499.183,338.887,0
717,23.9,501.564,334.553,0
718,23.9333,505.723,326.866,0
719,23.9667,509.217,320.334,0
720,24.0,512.325,314.623,0
721,24.0333,515.213,306.801,0
722,24.0667,516.434,302.509,0
723,24.1,516.593,296.158,0
724,24.1333,517.67,291.894,0
725,24.1667,516.777,286.23,0
726,24.2,517.754,279.919,0
727,24.2333,515.779,272.05,0
728,24.2667,516.458,264.96,0
729,24.3,517.053,258.034,0
730,24.3333,519.76,249.677,0
731,24.3667,521.563,240.607,0
732,24.4,522.419,232.569,0
733,24.4333,522.585,226.267,0
734,24.4667,521.74,218.495,0
735,24.5,521.371,210.093,0
736,24.5333,519.704,203.895,0
737,24.5667,517.068,200.168,0
738,24.6,513.566,192.115,0
739,24.6333,512.771,185.477,0
740,24.6667,510.68,182.005,0
741,24.7,510.454,175.524,0
742,24.7333,511.29,167.277,0
743,24.7667,510.637,161.46,0
744,24.8,509.578,154.576,0
745,24.8333,508.197,148.583,0
746,24.8667,505.914,143.162,0
747,24.9,502.737,136.761,0
748,24.9333,497.558,132.856,0
749,24.9667,495.402,130.146,0
750,25.0,490.973,127.791,0
751,25.0333,486.997,124.956,0
752,25.0667,485.571,121.883,0
753,25.1,482.956,120.118,0
754,25.1333,481.034,118.613,0
755,25.1667,479.825,117.213,0
756,25.2,476.387,113.925,0
757,25.2333,473.866,111.556,0
758,25.2667,469.46,109.689,0
759,25.3,464.499,109.149,0
760,25.3333,456.612,108.764,0
761,25.3667,453.268,110.119,0
762,25.4,447.614,109.723,0
763,25.4333,442.893,112.12,0
764,25.4667,440.234,112.923,0
765,25.5,436.828,117.228,0
766,25.5333,434.734,120.788,0
767,25.5667,429.767,123.033,0
768,25.6,426.785,126.374,0
769,25.6333,421.629,130.402,0
770,25.6667,415.674,133.067,0
771,25.7,411.386,134.252,0
772,25.7333,402.912,140.59,0
773,25.7667,397.394,143.309,0
774,25.8,391.72,147.552,0
775,25.8333,386.046,154.806,0
776,25.8667,381.867,159.575,0
777,25.9,376.034,166.586,0
778,25.9333,372.578,174.876,0
779,25.9667,368.89,183.308,0
780,26.0,366.155,190.667,0
781,26.0333,360.302,197.1,0
782,26.0667,352.994,202.79,0
783,26.1,346.366,208.644,0
784,26.1333,339.642,213.75,0
785,26.1667,332.333,221.518,0
786,26.2,325.508,226.86,0
787,26.2333,319.769,233.453,0
788,26.2667,315.34,241.251,0
789,26.3,310.196,248.331,0
790,26.3333,305.912,257.453,0
791,26.3667,303.176,265.585,0
792,26.4,296.79,273.847,0
793,26.4333,290.28,280.972,0
794,26.4667,286.73,288.192,0
795,26.5,279.435,295.01,0
796,26.5333,272.153,301.145,0
797,26.5667,265.931,306.529,0
798,26.6,258.019,311.449,0
799,26.6333,255.431,316.322,0
800,26.6667,250.137,321.493,0
801,26.7,245.852,326.568,0
802,26.7333,243.168,331.897,0
803,26.7667,238.887,337.224,0
804,26.8,234.322,343.402,0
805,26.8333,227.829,348.662,0
806,26.8667,221.858,353.594,0
807,26.9,216.26,356.37,0
808,26.9333,211.06,359.995,0
809,26.9667,203.736,364.042,0
810,27.0,198.299,365.391,0
811,27.0333,194.992,368.438,0
812,27.0667,194.353,365.546,0
813,27.1,188.006,366.251,0
814,27.1333,186.764,366.433,0
815,27.1667,182.164,366.817,0
816,27.2,180.447,367.972,0
817,27.2333,176.112,369.409,0
818,27.2667,169.802,367.831,0
819,27.3,167.134,369.774,0
820,27.3333,161.51,369.421,0
821,27.3667,156.723,367.986,0
822,27.4,151.8,363.172,0
823,27.4333,151.521,361.33,0
824,27.4667,148.351,356.656,0
825,27.5,146.65,352.473,0
826,27.5333,145.846,347.765,0
827,27.5667,144.73,340.991,0
828,27.6,142.201,336.241,0
829,27.6333,139.155,331.582,0
830,27.6667,135.226,327.646,0
831,27.7,131.957,324.798,0
832,27.7333,128.731,320.288,0
833,27.7667,126.252,314.293,0
834,27.8,124.728,308.768,0
835,27.8333,123.403,302.709,0
836,27.8667,123.242,296.371,0
837,27.9,124.861,289.395,0
838,27.9333,124.68,281.184,0
839,27.9667,124.536,272.545,0
840,28.0,122.994,264.542,0
841,28.0333,120.159,255.768,0
842,28.0667,121.419,250.2,0
843,28.1,118.579,244.927,0
844,28.1333,117.406,236.439,0
845,28.1667,116.693,230.86,0
846,28.2,116.256,224.335,0
847,28.2333,119.028,218.398,0
848,28.2667,121.262,212.218,0
849,28.3,124.13,204.431,0
850,28.3333,124.668,196.793,0
851,28.3667,128.155,188.948,0
852,28.4,128.787,181.26,0
853,28.4333,127.947,174.507,0
854,28.4667,128.226,166.497,0
855,28.5,129.194,160.21,0
856,28.5333,129.085,155.317,0
857,28.5667,130.781,150.095,0
858,28.6,133.792,147.993,0
859,28.6333,135.876,142.526,0
860,28.6667,139.819,138.349,0
861,28.7,143.669,136.422,0
862,28.7333,147.529,131.455,0
863,28.7667,150.196,126.85,0
864,28.8,153.445,124.452,0
865,28.8333,155.136,119.632,0
866,28.8667,157.492,116.241,0
867,28.9,160.815,111.909,0
868,28.9333,162.16,111.922,0
869,28.9667,164.206,110.572,0
870,29.0,168.305,110.087,0
871,29.0333,174.079,109.909,0
872,29.0667,178.995,109.71,0
873,29.1,184.195,111.405,0
874,29.1333,190.082,113.989,0
875,29.1667,195.686,114.719,0
876,29.2,198.922,115.229,0
877,29.2333,200.477,116.302,0
878,29.2667,203.925,118.083,0
879,29.3,206.477,119.528,0
880,29.3333,209.758,121.86,0
881,29.3667,215.208,124.831,0
882,29.4,221.484,128.386,0
883,29.4333,227.335,131.965,0
884,29.4667,234.984,138.143,0
885,29.5,241.869,143.59,0
886,29.5333,246.156,150.917,0
887,29.5667,251.959,155.767,0
888,29.6,255.554,161.233,0
889,29.6333,260.51,168.667,0
890,29.6667,264.775,172.958,0
891,29.7,268.911,178.971,0
892,29.7333,270.661,184.245,0
893,29.7667,277.579,188.762,0
894,29.8,285.835,194.357,0
895,29.8333,292.733,201.326,0
896,29.8667,297.424,208.121,0
897,29.9,305.34,215.674,0
898,29.9333,311.534,224.271,0
899,29.9667,317.593,232.274,0
