experiment_id,seed,frame,timestamp,target_id,target_x,target_y,target_vx,target_vy,target_ax,target_ay,target_visible,trajectory_type,world_width,world_height,target_size_px
EXP_321F4363,42,0,0.0,1,1000.0,1000.0,320.0,480.0,-0.0,-0.0,True,figure8,2000,2000,10
EXP_321F4363,42,1,0.016667,1,1005.333175,1007.999052,319.971556,479.829343,-3.413232,-20.477573,True,figure8,2000,2000,10
EXP_321F4363,42,2,0.033333,1,1010.665403,1015.992416,319.886229,479.317495,-6.825858,-40.940585,True,figure8,2000,2000,10
EXP_321F4363,42,3,0.05,1,1015.995734,1023.974408,319.744034,478.464819,-10.23727,-61.374485,True,figure8,2000,2000,10
EXP_321F4363,42,4,0.066667,1,1021.323221,1031.939353,319.544997,477.271921,-13.646862,-81.764744,True,figure8,2000,2000,10
EXP_321F4363,42,5,0.083333,1,1026.646918,1039.881587,319.289152,475.739651,-17.054028,-102.096862,True,figure8,2000,2000,10
EXP_321F4363,42,6,0.1,1,1031.965878,1047.795462,318.976546,473.869096,-20.458162,-122.356383,True,figure8,2000,2000,10
EXP_321F4363,42,7,0.116667,1,1037.279154,1055.675351,318.607234,471.661588,-23.858659,-142.528899,True,figure8,2000,2000,10
EXP_321F4363,42,8,0.133333,1,1042.585804,1063.515652,318.181281,469.118696,-27.254915,-162.600068,True,figure8,2000,2000,10
EXP_321F4363,42,9,0.15,1,1047.884883,1071.310788,317.698763,466.242228,-30.646325,-182.555617,True,figure8,2000,2000,10
EXP_321F4363,42,10,0.166667,1,1053.175449,1079.055217,317.159767,463.03423,-34.032287,-202.381356,True,figure8,2000,2000,10
EXP_321F4363,42,11,0.183333,1,1058.456562,1086.743433,316.564388,459.496982,-37.4122,-222.063189,True,figure8,2000,2000,10
EXP_321F4363,42,12,0.2,1,1063.727283,1094.369968,315.912731,455.633001,-40.785461,-241.587119,True,figure8,2000,2000,10
EXP_321F4363,42,13,0.216667,1,1068.986674,1101.9294,315.204912,451.445033,-44.151472,-260.939263,True,figure8,2000,2000,10
EXP_321F4363,42,14,0.233333,1,1074.233802,1109.416353,314.441059,446.936056,-47.509633,-280.105862,True,figure8,2000,2000,10
EXP_321F4363,42,15,0.25,1,1079.467732,1116.825503,313.621305,442.109277,-50.859349,-299.073287,True,figure8,2000,2000,10
EXP_321F4363,42,16,0.266667,1,1084.687535,1124.151582,312.745797,436.968128,-54.200023,-317.82805,True,figure8,2000,2000,10
EXP_321F4363,42,17,0.283333,1,1089.892283,1131.389381,311.814691,431.516264,-57.531061,-336.356815,True,figure8,2000,2000,10
EXP_321F4363,42,18,0.3,1,1095.081051,1138.533753,310.828152,425.757563,-60.851872,-354.646407,True,figure8,2000,2000,10
EXP_321F4363,42,19,0.316667,1,1100.252915,1145.579618,309.786355,419.696119,-64.161865,-372.683821,True,figure8,2000,2000,10
EXP_321F4363,42,20,0.333333,1,1105.406956,1152.521965,308.689486,413.336241,-67.460452,-390.456231,True,figure8,2000,2000,10
EXP_321F4363,42,21,0.35,1,1110.542259,1159.355859,307.53774,406.682453,-70.747046,-407.951,True,figure8,2000,2000,10
EXP_321F4363,42,22,0.366667,1,1115.657911,1166.07644,306.331321,399.739486,-74.021063,-425.155688,True,figure8,2000,2000,10
EXP_321F4363,42,23,0.383333,1,1120.753001,1172.67893,305.070445,392.512277,-77.281921,-442.05806,True,figure8,2000,2000,10
EXP_321F4363,42,24,0.4,1,1125.826624,1179.158632,303.755334,385.005964,-80.52904,-458.646099,True,figure8,2000,2000,10
EXP_321F4363,42,25,0.416667,1,1130.877879,1185.510941,302.386223,377.225885,-83.761842,-474.908009,True,figure8,2000,2000,10
EXP_321F4363,42,26,0.433333,1,1135.905866,1191.731338,300.963355,369.177573,-86.979754,-490.832226,True,figure8,2000,2000,10
EXP_321F4363,42,27,0.45,1,1140.909693,1197.815402,299.486984,360.86675,-90.182204,-506.407428,True,figure8,2000,2000,10
EXP_321F4363,42,28,0.466667,1,1145.88847,1203.758804,297.957371,352.299326,-93.368621,-521.622539,True,figure8,2000,2000,10
EXP_321F4363,42,29,0.483333,1,1150.841311,1209.557321,296.374788,343.481393,-96.538439,-536.466741,True,figure8,2000,2000,10
EXP_321F4363,42,30,0.5,1,1155.767337,1215.206827,294.739518,334.41922,-99.691096,-550.929478,True,figure8,2000,2000,10
EXP_321F4363,42,31,0.516667,1,1160.665671,1220.703307,293.05185,325.119253,-102.826029,-565.000466,True,figure8,2000,2000,10
EXP_321F4363,42,32,0.533333,1,1165.535443,1226.042851,291.312085,315.588104,-105.942683,-578.669699,True,figure8,2000,2000,10
EXP_321F4363,42,33,0.55,1,1170.375786,1231.221664,289.520532,305.832549,-109.040503,-591.927459,True,figure8,2000,2000,10
EXP_321F4363,42,34,0.566667,1,1175.185841,1236.236061,287.67751,295.859527,-112.118938,-604.764317,True,figure8,2000,2000,10
EXP_321F4363,42,35,0.583333,1,1179.964752,1241.082479,285.783345,285.676128,-115.177441,-617.171147,True,figure8,2000,2000,10
EXP_321F4363,42,36,0.6,1,1184.71167,1245.75747,283.838375,275.289593,-118.215469,-629.139124,True,figure8,2000,2000,10
EXP_321F4363,42,37,0.616667,1,1189.425751,1250.257711,281.842946,264.707309,-121.232481,-640.659741,True,figure8,2000,2000,10
EXP_321F4363,42,38,0.633333,1,1194.106157,1254.580002,279.797412,253.9368,-124.22794,-651.724804,True,figure8,2000,2000,10
EXP_321F4363,42,39,0.65,1,1198.752055,1258.721268,277.702137,242.985723,-127.201315,-662.326447,True,figure8,2000,2000,10
EXP_321F4363,42,40,0.666667,1,1203.36262,1262.678566,275.557494,231.861868,-130.152077,-672.457129,True,figure8,2000,2000,10
EXP_321F4363,42,41,0.683333,1,1207.937033,1266.449081,273.363863,220.573142,-133.079701,-682.109648,True,figure8,2000,2000,10
EXP_321F4363,42,42,0.7,1,1212.474479,1270.030133,271.121636,209.127574,-135.983667,-691.27714,True,figure8,2000,2000,10
EXP_321F4363,42,43,0.716667,1,1216.974153,1273.419174,268.831209,197.533302,-138.863458,-699.953086,True,figure8,2000,2000,10
EXP_321F4363,42,44,0.733333,1,1221.435254,1276.613796,266.492991,185.79857,-141.718563,-708.131317,True,figure8,2000,2000,10
EXP_321F4363,42,45,0.75,1,1225.856989,1279.611726,264.107397,173.931722,-144.548473,-715.806018,True,figure8,2000,2000,10
EXP_321F4363,42,46,0.766667,1,1230.238573,1282.410833,261.674851,161.941197,-147.352687,-722.971732,True,figure8,2000,2000,10
EXP_321F4363,42,47,0.783333,1,1234.579226,1285.009126,259.195786,149.835521,-150.130705,-729.623362,True,figure8,2000,2000,10
EXP_321F4363,42,48,0.8,1,1238.878177,1287.404758,256.670643,137.623301,-152.882033,-735.756181,True,figure8,2000,2000,10
EXP_321F4363,42,49,0.816667,1,1243.134661,1289.596026,254.099869,125.313221,-155.606183,-741.365826,True,figure8,2000,2000,10
EXP_321F4363,42,50,0.833333,1,1247.347921,1291.58137,251.483923,112.914035,-158.30267,-746.448308,True,figure8,2000,2000,10
EXP_321F4363,42,51,0.85,1,1251.51721,1293.359381,248.82327,100.43456,-160.971014,-751.000015,True,figure8,2000,2000,10
EXP_321F4363,42,52,0.866667,1,1255.641784,1294.928792,246.118382,87.883668,-163.610742,-755.017708,True,figure8,2000,2000,10
EXP_321F4363,42,53,0.883333,1,1259.720913,1296.288489,243.36974,75.270285,-166.221384,-758.498532,True,figure8,2000,2000,10
EXP_321F4363,42,54,0.9,1,1263.753869,1297.437504,240.577833,62.60338,-168.802476,-761.440011,True,figure8,2000,2000,10
EXP_321F4363,42,55,0.916667,1,1267.739936,1298.375021,237.743158,49.89196,-171.353559,-763.840054,True,figure8,2000,2000,10
EXP_321F4363,42,56,0.933333,1,1271.678406,1299.100373,234.866217,37.145063,-173.87418,-765.696954,True,figure8,2000,2000,10
EXP_321F4363,42,57,0.95,1,1275.568578,1299.613043,231.947523,24.371753,-176.36389,-767.009391,True,figure8,2000,2000,10
EXP_321F4363,42,58,0.966667,1,1279.409761,1299.912668,228.987595,11.581113,-178.822247,-767.77643,True,figure8,2000,2000,10
EXP_321F4363,42,59,0.983333,1,1283.201272,1299.999035,225.986958,-1.217762,-181.248814,-767.997528,True,figure8,2000,2000,10
EXP_321F4363,42,60,1.0,1,1286.942436,1299.872081,222.946147,-14.015771,-183.643159,-767.672527,True,figure8,2000,2000,10
EXP_321F4363,42,61,1.016667,1,1290.63259,1299.531898,219.865701,-26.803813,-186.004857,-766.801658,True,figure8,2000,2000,10
EXP_321F4363,42,62,1.033333,1,1294.271076,1298.978726,216.746169,-39.572797,-188.333489,-765.385539,True,figure8,2000,2000,10
EXP_321F4363,42,63,1.05,1,1297.857248,1298.212961,213.588104,-52.313641,-190.628639,-763.425179,True,figure8,2000,2000,10
EXP_321F4363,42,64,1.066667,1,1301.390468,1297.235145,210.392069,-65.017287,-192.8899,-760.921971,True,figure8,2000,2000,10
EXP_321F4363,42,65,1.083333,1,1304.870109,1296.045975,207.158631,-77.674701,-195.11687,-757.877695,True,figure8,2000,2000,10
EXP_321F4363,42,66,1.1,1,1308.295552,1294.646295,203.888366,-90.276883,-197.309153,-754.294516,True,figure8,2000,2000,10
EXP_321F4363,42,67,1.116667,1,1311.666187,1293.037102,200.581855,-102.814871,-199.466359,-750.174981,True,figure8,2000,2000,10
EXP_321F4363,42,68,1.133333,1,1314.981415,1291.219539,197.239684,-115.279752,-201.588106,-745.52202,True,figure8,2000,2000,10
EXP_321F4363,42,69,1.15,1,1318.240648,1289.194899,193.86245,-127.66266,-203.674015,-740.338941,True,figure8,2000,2000,10
EXP_321F4363,42,70,1.166667,1,1321.443305,1286.964621,190.450752,-139.954792,-205.723716,-734.62943,True,figure8,2000,2000,10
EXP_321F4363,42,71,1.183333,1,1324.588818,1284.530292,187.005196,-152.147406,-207.736844,-728.397548,True,figure8,2000,2000,10
EXP_321F4363,42,72,1.2,1,1327.676627,1281.893642,183.526396,-164.231833,-209.713041,-721.647724,True,figure8,2000,2000,10
EXP_321F4363,42,73,1.216667,1,1330.706184,1279.056546,180.014969,-176.199479,-211.651957,-714.384759,True,figure8,2000,2000,10
EXP_321F4363,42,74,1.233333,1,1333.676948,1276.021022,176.471539,-188.041836,-213.553247,-706.613817,True,figure8,2000,2000,10
EXP_321F4363,42,75,1.25,1,1336.588394,1272.789228,172.896738,-199.750482,-215.416572,-698.340424,True,figure8,2000,2000,10
EXP_321F4363,42,76,1.266667,1,1339.440002,1269.363462,169.2912,-211.317091,-217.241601,-689.570463,True,figure8,2000,2000,10
EXP_321F4363,42,77,1.283333,1,1342.231267,1265.74616,165.655566,-222.733439,-219.028011,-680.310169,True,figure8,2000,2000,10
EXP_321F4363,42,78,1.3,1,1344.961691,1261.939894,161.990482,-233.991409,-220.775482,-670.566128,True,figure8,2000,2000,10
EXP_321F4363,42,79,1.316667,1,1347.630789,1257.947371,158.296601,-245.082995,-222.483705,-660.345269,True,figure8,2000,2000,10
EXP_321F4363,42,80,1.333333,1,1350.238088,1253.771429,154.574579,-256.000309,-224.152376,-649.654858,True,figure8,2000,2000,10
EXP_321F4363,42,81,1.35,1,1352.783123,1249.415038,150.825077,-266.73559,-225.781199,-638.502498,True,figure8,2000,2000,10
EXP_321F4363,42,82,1.366667,1,1355.265442,1244.881296,147.048762,-277.281204,-227.369883,-626.896118,True,figure8,2000,2000,10
EXP_321F4363,42,83,1.383333,1,1357.684603,1240.173427,143.246305,-287.629651,-228.918146,-614.843973,True,figure8,2000,2000,10
EXP_321F4363,42,84,1.4,1,1360.040177,1235.294778,139.418383,-297.773574,-230.425713,-602.35463,True,figure8,2000,2000,10
EXP_321F4363,42,85,1.416667,1,1362.331745,1230.248817,135.565675,-307.705759,-231.892317,-589.436973,True,figure8,2000,2000,10
EXP_321F4363,42,86,1.433333,1,1364.558899,1225.039134,131.688868,-317.419144,-233.317695,-576.100184,True,figure8,2000,2000,10
EXP_321F4363,42,87,1.45,1,1366.721244,1219.669433,127.788649,-326.906823,-234.701596,-562.353749,True,figure8,2000,2000,10
EXP_321F4363,42,88,1.466667,1,1368.818394,1214.143532,123.865713,-336.162048,-236.043772,-548.207441,True,figure8,2000,2000,10
EXP_321F4363,42,89,1.483333,1,1370.849978,1208.46536,119.920757,-345.178238,-237.343986,-533.671321,True,figure8,2000,2000,10
EXP_321F4363,42,90,1.5,1,1372.815634,1202.638954,115.954481,-353.948983,-238.602006,-518.755723,True,figure8,2000,2000,10
EXP_321F4363,42,91,1.516667,1,1374.715013,1196.668458,111.967592,-362.468046,-239.817608,-503.471254,True,figure8,2000,2000,10
EXP_321F4363,42,92,1.533333,1,1376.547777,1190.558118,107.960798,-370.72937,-240.990577,-487.828782,True,figure8,2000,2000,10
EXP_321F4363,42,93,1.55,1,1378.3136,1184.312277,103.934811,-378.727079,-242.120704,-471.83943,True,figure8,2000,2000,10
EXP_321F4363,42,94,1.566667,1,1380.012168,1177.935378,99.890347,-386.455487,-243.207787,-455.514568,True,figure8,2000,2000,10
EXP_321F4363,42,95,1.583333,1,1381.643179,1171.431954,95.828125,-393.909098,-244.251635,-438.865803,True,figure8,2000,2000,10
EXP_321F4363,42,96,1.6,1,1383.206344,1164.806631,91.748867,-401.082613,-245.25206,-421.904975,True,figure8,2000,2000,10
EXP_321F4363,42,97,1.616667,1,1384.701384,1158.064119,87.653299,-407.970931,-246.208886,-404.644143,True,figure8,2000,2000,10
EXP_321F4363,42,98,1.633333,1,1386.128034,1151.209212,83.542147,-414.569153,-247.121942,-387.095582,True,figure8,2000,2000,10
EXP_321F4363,42,99,1.65,1,1387.48604,1144.246784,79.416145,-420.872587,-247.991066,-369.271768,True,figure8,2000,2000,10
EXP_321F4363,42,100,1.666667,1,1388.775161,1137.181788,75.276023,-426.876753,-248.816103,-351.185377,True,figure8,2000,2000,10
EXP_321F4363,42,101,1.683333,1,1389.995166,1130.019246,71.12252,-432.577379,-249.596907,-332.849269,True,figure8,2000,2000,10
EXP_321F4363,42,102,1.7,1,1391.145841,1122.764251,66.956373,-437.970413,-250.333338,-314.276482,True,figure8,2000,2000,10
EXP_321F4363,42,103,1.716667,1,1392.226979,1115.421962,62.778323,-443.05202,-251.025267,-295.480223,True,figure8,2000,2000,10
EXP_321F4363,42,104,1.733333,1,1393.23839,1107.9976,58.589112,-447.818587,-251.672569,-276.473857,True,figure8,2000,2000,10
EXP_321F4363,42,105,1.75,1,1394.179892,1100.496445,54.389486,-452.266724,-252.275131,-257.270899,True,figure8,2000,2000,10
EXP_321F4363,42,106,1.766667,1,1395.051319,1092.92383,50.18019,-456.393267,-252.832844,-237.885004,True,figure8,2000,2000,10
EXP_321F4363,42,107,1.783333,1,1395.852515,1085.285139,45.961974,-460.195284,-253.34561,-218.329956,True,figure8,2000,2000,10
EXP_321F4363,42,108,1.8,1,1396.583339,1077.585805,41.735587,-463.67007,-253.813337,-198.619661,True,figure8,2000,2000,10
EXP_321F4363,42,109,1.816667,1,1397.24366,1069.831302,37.50178,-466.815155,-254.235943,-178.768133,True,figure8,2000,2000,10
EXP_321F4363,42,110,1.833333,1,1397.833362,1062.027144,33.261306,-469.628301,-254.613351,-158.789488,True,figure8,2000,2000,10
EXP_321F4363,42,111,1.85,1,1398.352338,1054.17888,29.01492,-472.10751,-254.945496,-138.697934,True,figure8,2000,2000,10
EXP_321F4363,42,112,1.866667,1,1398.800497,1046.292092,24.763375,-474.251018,-255.232318,-118.507755,True,figure8,2000,2000,10
EXP_321F4363,42,113,1.883333,1,1399.177759,1038.372387,20.507428,-476.057301,-255.473766,-98.23331,True,figure8,2000,2000,10
EXP_321F4363,42,114,1.9,1,1399.484058,1030.425396,16.247835,-477.525074,-255.669797,-77.889013,True,figure8,2000,2000,10
EXP_321F4363,42,115,1.916667,1,1399.719338,1022.456771,11.985354,-478.653293,-255.820376,-57.489333,True,figure8,2000,2000,10
EXP_321F4363,42,116,1.933333,1,1399.883558,1014.472177,7.720742,-479.441158,-255.925477,-37.048773,True,figure8,2000,2000,10
EXP_321F4363,42,117,1.95,1,1399.976688,1006.477293,3.454757,-479.888106,-255.98508,-16.581869,True,figure8,2000,2000,10
EXP_321F4363,42,118,1.966667,1,1399.998713,998.477803,-0.811841,-479.993821,-255.999176,3.896825,True,figure8,2000,2000,10
EXP_321F4363,42,119,1.983333,1,1399.949628,990.479395,-5.078296,-479.758227,-255.967762,24.372749,True,figure8,2000,2000,10
EXP_321F4363,42,120,2.0,1,1399.829441,982.487757,-9.343847,-479.181492,-255.890842,44.831342,True,figure8,2000,2000,10
EXP_321F4363,42,121,2.016667,1,1399.638175,974.508571,-13.607738,-478.264026,-255.768432,65.258057,True,figure8,2000,2000,10
EXP_321F4363,42,122,2.033333,1,1399.375863,966.547512,-17.869209,-477.006482,-255.600553,85.638369,True,figure8,2000,2000,10
EXP_321F4363,42,123,2.05,1,1399.042553,958.61024,-22.127504,-475.409752,-255.387234,105.957786,True,figure8,2000,2000,10
EXP_321F4363,42,124,2.066667,1,1398.638302,950.702398,-26.381864,-473.474974,-255.128513,126.20186,True,figure8,2000,2000,10
EXP_321F4363,42,125,2.083333,1,1398.163183,942.829611,-30.631535,-471.203522,-254.824437,146.356195,True,figure8,2000,2000,10
EXP_321F4363,42,126,2.1,1,1397.617281,934.997476,-34.875761,-468.597012,-254.47506,166.406462,True,figure8,2000,2000,10
EXP_321F4363,42,127,2.116667,1,1397.000692,927.211562,-39.113786,-465.657298,-254.080443,186.338402,True,figure8,2000,2000,10
EXP_321F4363,42,128,2.133333,1,1396.313527,919.477406,-43.344858,-462.386468,-253.640657,206.137842,True,figure8,2000,2000,10
EXP_321F4363,42,129,2.15,1,1395.555906,911.800506,-47.568224,-458.786851,-253.15578,225.790704,True,figure8,2000,2000,10
EXP_321F4363,42,130,2.166667,1,1394.727966,904.186323,-51.783134,-454.861004,-252.625898,245.283013,True,figure8,2000,2000,10
EXP_321F4363,42,131,2.183333,1,1393.829853,896.64027,-55.988838,-450.611719,-252.051106,264.600909,True,figure8,2000,2000,10
EXP_321F4363,42,132,2.2,1,1392.861727,889.167712,-60.184588,-446.042019,-251.431505,283.730656,True,figure8,2000,2000,10
EXP_321F4363,42,133,2.216667,1,1391.82376,881.773965,-64.36964,-441.155151,-250.767206,302.658651,True,figure8,2000,2000,10
EXP_321F4363,42,134,2.233333,1,1390.716136,874.464283,-68.543248,-435.954593,-250.058327,321.371434,True,figure8,2000,2000,10
EXP_321F4363,42,135,2.25,1,1389.539052,867.243867,-72.70467,-430.44404,-249.304994,339.8557,True,figure8,2000,2000,10
EXP_321F4363,42,136,2.266667,1,1388.292719,860.117849,-76.853168,-424.627412,-248.50734,358.098306,True,figure8,2000,2000,10
EXP_321F4363,42,137,2.283333,1,1386.977356,853.091297,-80.988003,-418.508844,-247.665508,376.086279,True,figure8,2000,2000,10
EXP_321F4363,42,138,2.3,1,1385.593198,846.169208,-85.10844,-412.092688,-246.779647,393.806828,True,figure8,2000,2000,10
EXP_321F4363,42,139,2.316667,1,1384.140492,839.356502,-89.213747,-405.383506,-245.849915,411.247354,True,figure8,2000,2000,10
EXP_321F4363,42,140,2.333333,1,1382.619495,832.658026,-93.303195,-398.386068,-244.876477,428.395454,True,figure8,2000,2000,10
EXP_321F4363,42,141,2.35,1,1381.030478,826.078541,-97.376055,-391.10535,-243.859506,445.238936,True,figure8,2000,2000,10
EXP_321F4363,42,142,2.366667,1,1379.373723,819.622726,-101.431604,-383.546529,-242.799183,461.765822,True,figure8,2000,2000,10
EXP_321F4363,42,143,2.383333,1,1377.649524,813.295172,-105.469121,-375.71498,-241.695696,477.964361,True,figure8,2000,2000,10
EXP_321F4363,42,144,2.4,1,1375.858189,807.100377,-109.487888,-367.616272,-240.549241,493.823034,True,figure8,2000,2000,10
EXP_321F4363,42,145,2.416667,1,1374.000036,801.042748,-113.487191,-359.256163,-239.360023,509.330565,True,figure8,2000,2000,10
EXP_321F4363,42,146,2.433333,1,1372.075395,795.126591,-117.466319,-350.640598,-238.128253,524.475927,True,figure8,2000,2000,10
EXP_321F4363,42,147,2.45,1,1370.084608,789.356113,-121.424565,-341.775704,-236.854149,539.24835,True,figure8,2000,2000,10
EXP_321F4363,42,148,2.466667,1,1368.02803,783.735418,-125.361224,-332.667783,-235.537939,553.63733,True,figure8,2000,2000,10
EXP_321F4363,42,149,2.483333,1,1365.906025,778.268501,-129.275597,-323.323313,-234.179856,567.632636,True,figure8,2000,2000,10
EXP_321F4363,42,150,2.5,1,1363.718971,772.959251,-133.166988,-313.748938,-232.780141,581.224316,True,figure8,2000,2000,10
EXP_321F4363,42,151,2.516667,1,1361.467257,767.811443,-137.034705,-303.951466,-231.339044,594.402706,True,figure8,2000,2000,10
EXP_321F4363,42,152,2.533333,1,1359.151283,762.828737,-140.878061,-293.937863,-229.856821,607.158434,True,figure8,2000,2000,10
EXP_321F4363,42,153,2.55,1,1356.77146,758.014675,-144.696372,-283.71525,-228.333735,619.482431,True,figure8,2000,2000,10
EXP_321F4363,42,154,2.566667,1,1354.328213,753.372682,-148.48896,-273.290896,-226.770056,631.365933,True,figure8,2000,2000,10
EXP_321F4363,42,155,2.583333,1,1351.821975,748.906059,-152.25515,-262.672213,-225.166064,642.80049,True,figure8,2000,2000,10
EXP_321F4363,42,156,2.6,1,1349.253192,744.61798,-155.994273,-251.866752,-223.522043,653.777972,True,figure8,2000,2000,10
EXP_321F4363,42,157,2.616667,1,1346.62232,740.511495,-159.705664,-240.882196,-221.838285,664.290572,True,figure8,2000,2000,10
EXP_321F4363,42,158,2.633333,1,1343.929827,736.589525,-163.388663,-229.726357,-220.11509,674.330817,True,figure8,2000,2000,10
EXP_321F4363,42,159,2.65,1,1341.176193,732.854857,-167.042616,-218.407166,-218.352763,683.891565,True,figure8,2000,2000,10
EXP_321F4363,42,160,2.666667,1,1338.361905,729.310149,-170.666873,-206.932673,-216.551619,692.966019,True,figure8,2000,2000,10
EXP_321F4363,42,161,2.683333,1,1335.487465,725.957919,-174.260789,-195.311037,-214.711978,701.547727,True,figure8,2000,2000,10
EXP_321F4363,42,162,2.7,1,1332.553384,722.800552,-177.823727,-183.550521,-212.834166,709.630586,True,figure8,2000,2000,10
EXP_321F4363,42,163,2.716667,1,1329.560183,719.840294,-181.355051,-171.659487,-210.918517,717.208848,True,figure8,2000,2000,10
EXP_321F4363,42,164,2.733333,1,1326.508395,717.079248,-184.854136,-159.646392,-208.965373,724.277126,True,figure8,2000,2000,10
EXP_321F4363,42,165,2.75,1,1323.398562,714.519378,-188.320358,-147.519778,-206.975079,730.830393,True,figure8,2000,2000,10
EXP_321F4363,42,166,2.766667,1,1320.231236,712.162504,-191.753101,-135.288266,-204.947991,736.863989,True,figure8,2000,2000,10
EXP_321F4363,42,167,2.783333,1,1317.006981,710.010303,-195.151755,-122.960556,-202.884468,742.373623,True,figure8,2000,2000,10
EXP_321F4363,42,168,2.8,1,1313.72637,708.064305,-198.515716,-110.545412,-200.784877,747.355379,True,figure8,2000,2000,10
EXP_321F4363,42,169,2.816667,1,1310.389986,706.325893,-201.844386,-98.051662,-198.649591,751.805714,True,figure8,2000,2000,10
EXP_321F4363,42,170,2.833333,1,1306.998423,704.796304,-205.137173,-85.488191,-196.478991,755.721463,True,figure8,2000,2000,10
EXP_321F4363,42,171,2.85,1,1303.552283,703.476624,-208.393491,-72.863932,-194.273461,759.099841,True,figure8,2000,2000,10
EXP_321F4363,42,172,2.866667,1,1300.052179,702.367794,-211.612763,-60.187862,-192.033395,761.938448,True,figure8,2000,2000,10
EXP_321F4363,42,173,2.883333,1,1296.498734,701.4706,-214.794415,-47.468994,-189.759189,764.235264,True,figure8,2000,2000,10
EXP_321F4363,42,174,2.9,1,1292.892578,700.785681,-217.937882,-34.716372,-187.45125,765.988655,True,figure8,2000,2000,10
EXP_321F4363,42,175,2.916667,1,1289.234353,700.313525,-221.042605,-21.939065,-185.109986,767.197376,True,figure8,2000,2000,10
EXP_321F4363,42,176,2.933333,1,1285.524709,700.054466,-224.108032,-9.146157,-182.735814,767.860567,True,figure8,2000,2000,10
EXP_321F4363,42,177,2.95,1,1281.764306,700.008689,-227.133618,3.653254,-180.329156,767.977756,True,figure8,2000,2000,10
EXP_321F4363,42,178,2.966667,1,1277.953813,700.176227,-230.118826,16.450068,-177.89044,767.54886,True,figure8,2000,2000,10
EXP_321F4363,42,179,2.983333,1,1274.093906,700.55696,-233.063124,29.235184,-175.4201,766.574183,True,figure8,2000,2000,10
EXP_321F4363,42,180,3.0,1,1270.185272,701.150617,-235.965989,41.999512,-172.918574,765.05442,True,figure8,2000,2000,10
EXP_321F4363,42,181,3.016667,1,1266.228606,701.956778,-238.826905,54.733976,-170.386308,762.99065,True,figure8,2000,2000,10
EXP_321F4363,42,182,3.033333,1,1262.224611,702.974867,-241.645364,67.42952,-167.823751,760.384341,True,figure8,2000,2000,10
EXP_321F4363,42,183,3.05,1,1258.173999,704.204162,-244.420865,80.077116,-165.23136,757.237346,True,figure8,2000,2000,10
EXP_321F4363,42,184,3.066667,1,1254.07749,705.643788,-247.152913,92.667773,-162.609594,753.551903,True,figure8,2000,2000,10
EXP_321F4363,42,185,3.083333,1,1249.935813,707.292721,-249.841024,105.192536,-159.95892,749.330633,True,figure8,2000,2000,10
EXP_321F4363,42,186,3.1,1,1245.749703,709.14979,-252.484719,117.6425,-157.27981,744.576537,True,figure8,2000,2000,10
EXP_321F4363,42,187,3.116667,1,1241.519905,711.213673,-255.083529,130.008813,-154.572739,739.292996,True,figure8,2000,2000,10
EXP_321F4363,42,188,3.133333,1,1237.247171,713.482904,-257.636991,142.28268,-151.838189,733.483767,True,figure8,2000,2000,10
EXP_321F4363,42,189,3.15,1,1232.93226,715.955867,-260.144652,154.455374,-149.076646,727.15298,True,figure8,2000,2000,10
EXP_321F4363,42,190,3.166667,1,1228.575939,718.630806,-262.606065,166.51824,-146.288601,720.305137,True,figure8,2000,2000,10
EXP_321F4363,42,191,3.183333,1,1224.178984,721.505817,-265.020794,178.4627,-143.47455,712.945107,True,figure8,2000,2000,10
EXP_321F4363,42,192,3.2,1,1219.742175,724.578858,-267.388409,190.28026,-140.634992,705.078125,True,figure8,2000,2000,10
EXP_321F4363,42,193,3.216667,1,1215.266301,727.847741,-269.708488,201.962518,-137.770433,696.709783,True,figure8,2000,2000,10
EXP_321F4363,42,194,3.233333,1,1210.752158,731.310144,-271.98062,213.501167,-134.881381,687.846032,True,figure8,2000,2000,10
EXP_321F4363,42,195,3.25,1,1206.200549,734.963603,-274.204401,224.888002,-131.968351,678.493176,True,figure8,2000,2000,10
EXP_321F4363,42,196,3.266667,1,1201.612282,738.805522,-276.379435,236.114926,-129.031861,668.657864,True,figure8,2000,2000,10
EXP_321F4363,42,197,3.283333,1,1196.988174,742.833168,-278.505336,247.173956,-126.072431,658.34709,True,figure8,2000,2000,10
EXP_321F4363,42,198,3.3,1,1192.329046,747.043677,-280.581725,258.057228,-123.090589,647.568186,True,figure8,2000,2000,10
EXP_321F4363,42,199,3.316667,1,1187.635727,751.434056,-282.608234,268.757004,-120.086865,636.328816,True,figure8,2000,2000,10
EXP_321F4363,42,200,3.333333,1,1182.909051,756.001183,-284.584502,279.265675,-117.061792,624.636973,True,figure8,2000,2000,10
EXP_321F4363,42,201,3.35,1,1178.149858,760.741809,-286.510178,289.575769,-114.015909,612.500969,True,figure8,2000,2000,10
EXP_321F4363,42,202,3.366667,1,1173.358994,765.652564,-288.38492,299.679954,-110.949756,599.929436,True,figure8,2000,2000,10
EXP_321F4363,42,203,3.383333,1,1168.537312,770.729957,-290.208394,309.571047,-107.86388,586.931311,True,figure8,2000,2000,10
EXP_321F4363,42,204,3.4,1,1163.685668,775.970376,-291.980276,319.242013,-104.758827,573.515837,True,figure8,2000,2000,10
EXP_321F4363,42,205,3.416667,1,1158.804925,781.370096,-293.700251,328.685976,-101.635152,559.692554,True,figure8,2000,2000,10
EXP_321F4363,42,206,3.433333,1,1153.89595,786.925277,-295.368014,337.89622,-98.493408,545.471291,True,figure8,2000,2000,10
EXP_321F4363,42,207,3.45,1,1148.959616,792.631969,-296.983267,346.866197,-95.334154,530.862161,True,figure8,2000,2000,10
EXP_321F4363,42,208,3.466667,1,1143.996801,798.486113,-298.545725,355.589528,-92.157952,515.87555,True,figure8,2000,2000,10
EXP_321F4363,42,209,3.483333,1,1139.008386,804.483548,-300.055108,364.060011,-88.965367,500.522117,True,figure8,2000,2000,10
EXP_321F4363,42,210,3.5,1,1133.99526,810.620009,-301.511149,372.271622,-85.756966,484.812778,True,figure8,2000,2000,10
EXP_321F4363,42,211,3.516667,1,1128.958313,816.891131,-302.913589,380.218522,-82.53332,468.758703,True,figure8,2000,2000,10
EXP_321F4363,42,212,3.533333,1,1123.89844,823.292457,-304.262178,387.89506,-79.295001,452.371309,True,figure8,2000,2000,10
EXP_321F4363,42,213,3.55,1,1118.816541,829.819434,-305.556677,395.295778,-76.042586,435.662248,True,figure8,2000,2000,10
EXP_321F4363,42,214,3.566667,1,1113.713519,836.467422,-306.796856,402.415414,-72.776652,418.643401,True,figure8,2000,2000,10
EXP_321F4363,42,215,3.583333,1,1108.590282,843.231692,-307.982494,409.248904,-69.49778,401.326869,True,figure8,2000,2000,10
EXP_321F4363,42,216,3.6,1,1103.44774,850.107435,-309.11338,415.791391,-66.206554,383.724966,True,figure8,2000,2000,10
EXP_321F4363,42,217,3.616667,1,1098.286808,857.089762,-310.189313,422.038221,-62.903557,365.850209,True,figure8,2000,2000,10
EXP_321F4363,42,218,3.633333,1,1093.108402,864.173709,-311.210103,427.984952,-59.589378,347.715306,True,figure8,2000,2000,10
EXP_321F4363,42,219,3.65,1,1087.913445,871.354237,-312.175567,433.627357,-56.264605,329.333154,True,figure8,2000,2000,10
EXP_321F4363,42,220,3.666667,1,1082.702859,878.626241,-313.085534,438.961423,-52.929829,310.716824,True,figure8,2000,2000,10
EXP_321F4363,42,221,3.683333,1,1077.47757,885.98455,-313.939843,443.983357,-49.585645,291.879552,True,figure8,2000,2000,10
EXP_321F4363,42,222,3.7,1,1072.238507,893.423932,-314.73834,448.689589,-46.232645,272.834734,True,figure8,2000,2000,10
EXP_321F4363,42,223,3.716667,1,1066.986602,900.939097,-315.480885,453.076771,-42.871426,253.595912,True,figure8,2000,2000,10
EXP_321F4363,42,224,3.733333,1,1061.722789,908.524701,-316.167345,457.141784,-39.502585,234.176765,True,figure8,2000,2000,10
EXP_321F4363,42,225,3.75,1,1056.448003,916.175351,-316.797599,460.881738,-36.126722,214.591103,True,figure8,2000,2000,10
EXP_321F4363,42,226,3.766667,1,1051.163182,923.885605,-317.371534,464.293973,-32.744437,194.852851,True,figure8,2000,2000,10
EXP_321F4363,42,227,3.783333,1,1045.869266,931.649982,-317.889048,467.376063,-29.35633,174.976046,True,figure8,2000,2000,10
EXP_321F4363,42,228,3.8,1,1040.567195,939.462961,-318.350049,470.125816,-25.963004,154.97482,True,figure8,2000,2000,10
EXP_321F4363,42,229,3.816667,1,1035.257912,947.318985,-318.754456,472.541278,-22.565063,134.863397,True,figure8,2000,2000,10
EXP_321F4363,42,230,3.833333,1,1029.942361,955.21247,-319.102196,474.62073,-19.163111,114.656077,True,figure8,2000,2000,10
EXP_321F4363,42,231,3.85,1,1024.621487,963.137801,-319.393207,476.362694,-15.757752,94.367228,True,figure8,2000,2000,10
EXP_321F4363,42,232,3.866667,1,1019.296236,971.089345,-319.627438,477.765932,-12.349591,74.011278,True,figure8,2000,2000,10
EXP_321F4363,42,233,3.883333,1,1013.967555,979.061445,-319.804848,478.829444,-8.939235,53.6027,True,figure8,2000,2000,10
EXP_321F4363,42,234,3.9,1,1008.63639,987.048434,-319.925404,479.552477,-5.52729,33.156008,True,figure8,2000,2000,10
EXP_321F4363,42,235,3.916667,1,1003.303691,995.044633,-319.989085,479.934514,-2.114362,12.685739,True,figure8,2000,2000,10
EXP_321F4363,42,236,3.933333,1,997.970403,1003.044356,-319.995881,479.975284,1.298942,-7.79355,True,figure8,2000,2000,10
EXP_321F4363,42,237,3.95,1,992.637477,1011.041913,-319.945789,479.67476,4.712015,-28.267298,True,figure8,2000,2000,10
EXP_321F4363,42,238,3.966667,1,987.30586,1019.031619,-319.838818,479.033153,8.12425,-48.720945,True,figure8,2000,2000,10
EXP_321F4363,42,239,3.983333,1,981.976499,1027.007793,-319.674988,478.050921,11.535041,-69.139949,True,figure8,2000,2000,10
EXP_321F4363,42,240,4.0,1,976.650343,1034.964761,-319.454328,476.728761,14.943781,-89.509789,True,figure8,2000,2000,10
EXP_321F4363,42,241,4.016667,1,971.328337,1042.896868,-319.176877,475.067614,18.349864,-109.815982,True,figure8,2000,2000,10
EXP_321F4363,42,242,4.033333,1,966.011429,1050.798472,-318.842684,473.068662,21.752686,-130.044088,True,figure8,2000,2000,10
EXP_321F4363,42,243,4.05,1,960.700563,1058.663955,-318.451809,470.733325,25.15164,-150.179724,True,figure8,2000,2000,10
EXP_321F4363,42,244,4.066667,1,955.396683,1066.487723,-318.004321,468.063265,28.546123,-170.208571,True,figure8,2000,2000,10
EXP_321F4363,42,245,4.083333,1,950.100733,1074.264214,-317.5003,465.060379,31.935531,-190.116389,True,figure8,2000,2000,10
EXP_321F4363,42,246,4.1,1,944.813653,1081.987898,-316.939835,461.726803,35.319262,-209.88902,True,figure8,2000,2000,10
EXP_321F4363,42,247,4.116667,1,939.536384,1089.653284,-316.323026,458.064907,38.696714,-229.512406,True,figure8,2000,2000,10
EXP_321F4363,42,248,4.133333,1,934.269865,1097.254919,-315.649983,454.077296,42.067287,-248.972593,True,figure8,2000,2000,10
EXP_321F4363,42,249,4.15,1,929.01503,1104.7874,-314.920825,449.766804,45.430381,-268.255743,True,figure8,2000,2000,10
EXP_321F4363,42,250,4.166667,1,923.772815,1112.245369,-314.135682,445.136497,48.785398,-287.348145,True,figure8,2000,2000,10
EXP_321F4363,42,251,4.183333,1,918.544151,1119.623524,-313.294693,440.189668,52.131743,-306.236223,True,figure8,2000,2000,10
EXP_321F4363,42,252,4.2,1,913.329968,1126.916619,-312.398008,434.929833,55.468821,-324.906545,True,figure8,2000,2000,10
EXP_321F4363,42,253,4.216667,1,908.131193,1134.119467,-311.445787,429.360733,58.796037,-343.345836,True,figure8,2000,2000,10
EXP_321F4363,42,254,4.233333,1,902.948749,1141.226947,-310.438198,423.486328,62.112801,-361.540985,True,figure8,2000,2000,10
EXP_321F4363,42,255,4.25,1,897.783559,1148.234005,-309.375422,417.310795,65.418522,-379.479054,True,figure8,2000,2000,10
EXP_321F4363,42,256,4.266667,1,892.636541,1155.135659,-308.257646,410.838526,68.712614,-397.147286,True,figure8,2000,2000,10
EXP_321F4363,42,257,4.283333,1,887.508609,1161.927,-307.085069,404.074121,71.99449,-414.53312,True,figure8,2000,2000,10
EXP_321F4363,42,258,4.3,1,882.400675,1168.6032,-305.8579,397.022393,75.263568,-431.624191,True,figure8,2000,2000,10
EXP_321F4363,42,259,4.316667,1,877.313648,1175.159511,-304.576358,389.688353,78.519266,-448.408349,True,figure8,2000,2000,10
EXP_321F4363,42,260,4.333333,1,872.248431,1181.591272,-303.240669,382.077219,81.761004,-464.873657,True,figure8,2000,2000,10
EXP_321F4363,42,261,4.35,1,867.205925,1187.893909,-301.851072,374.194401,84.988208,-481.008407,True,figure8,2000,2000,10
EXP_321F4363,42,262,4.366667,1,862.187026,1194.062941,-300.407813,366.045506,88.200303,-496.801128,True,figure8,2000,2000,10
EXP_321F4363,42,263,4.383333,1,857.192628,1200.09398,-298.911149,357.636326,91.396718,-512.240589,True,figure8,2000,2000,10
EXP_321F4363,42,264,4.4,1,852.223617,1205.982739,-297.361346,348.972843,94.576885,-527.315811,True,figure8,2000,2000,10
EXP_321F4363,42,265,4.416667,1,847.280876,1211.725029,-295.758679,340.061216,97.740239,-542.016075,True,figure8,2000,2000,10
EXP_321F4363,42,266,4.433333,1,842.365286,1217.316769,-294.103434,330.907782,100.886217,-556.330929,True,figure8,2000,2000,10
EXP_321F4363,42,267,4.45,1,837.477719,1222.753982,-292.395905,321.519049,104.01426,-570.250193,True,figure8,2000,2000,10
EXP_321F4363,42,268,4.466667,1,832.619045,1228.032801,-290.636395,311.901695,107.123811,-583.763969,True,figure8,2000,2000,10
EXP_321F4363,42,269,4.483333,1,827.790126,1233.149473,-288.825217,302.062557,110.214319,-596.86265,True,figure8,2000,2000,10
EXP_321F4363,42,270,4.5,1,822.991823,1238.100359,-286.962693,292.008631,113.285233,-609.536919,True,figure8,2000,2000,10
EXP_321F4363,42,271,4.516667,1,818.224987,1242.88194,-285.049155,281.747067,116.336009,-621.777766,True,figure8,2000,2000,10
EXP_321F4363,42,272,4.533333,1,813.490466,1247.490815,-283.084941,271.285162,119.366102,-633.576486,True,figure8,2000,2000,10
EXP_321F4363,42,273,4.55,1,808.789102,1251.923707,-281.070402,260.630354,122.374975,-644.92469,True,figure8,2000,2000,10
EXP_321F4363,42,274,4.566667,1,804.12173,1256.177464,-279.005896,249.79022,125.362093,-655.814308,True,figure8,2000,2000,10
EXP_321F4363,42,275,4.583333,1,799.489181,1260.249061,-276.89179,238.772468,128.326924,-666.237596,True,figure8,2000,2000,10
EXP_321F4363,42,276,4.6,1,794.892277,1264.135603,-274.728459,227.584932,131.268943,-676.187143,True,figure8,2000,2000,10
EXP_321F4363,42,277,4.616667,1,790.331837,1267.834326,-272.516288,216.235568,134.187625,-685.655875,True,figure8,2000,2000,10
EXP_321F4363,42,278,4.633333,1,785.80867,1271.342601,-270.255671,204.732445,137.082451,-694.637058,True,figure8,2000,2000,10
EXP_321F4363,42,279,4.65,1,781.323581,1274.657932,-267.947008,193.083743,139.952908,-703.124307,True,figure8,2000,2000,10
EXP_321F4363,42,280,4.666667,1,776.877368,1277.777963,-265.590712,181.297746,142.798485,-711.111585,True,figure8,2000,2000,10
EXP_321F4363,42,281,4.683333,1,772.47082,1280.700474,-263.1872,169.382833,145.618675,-718.593214,True,figure8,2000,2000,10
EXP_321F4363,42,282,4.7,1,768.104721,1283.423388,-260.7369,157.347477,148.412979,-725.563874,True,figure8,2000,2000,10
EXP_321F4363,42,283,4.716667,1,763.779847,1285.944769,-258.240247,145.200237,151.180898,-732.018607,True,figure8,2000,2000,10
EXP_321F4363,42,284,4.733333,1,759.496968,1288.262822,-255.697686,132.949749,153.921941,-737.952825,True,figure8,2000,2000,10
EXP_321F4363,42,285,4.75,1,755.256844,1290.375902,-253.109668,120.604724,156.63562,-743.362308,True,figure8,2000,2000,10
EXP_321F4363,42,286,4.766667,1,751.060229,1292.282503,-250.476653,108.173942,159.321454,-748.243209,True,figure8,2000,2000,10
EXP_321F4363,42,287,4.783333,1,746.907869,1293.981272,-247.79911,95.66624,161.978964,-752.592057,True,figure8,2000,2000,10
EXP_321F4363,42,288,4.8,1,742.800503,1295.471,-245.077514,83.090513,164.607678,-756.405761,True,figure8,2000,2000,10
EXP_321F4363,42,289,4.816667,1,738.738861,1296.750628,-242.31235,70.455703,167.207129,-759.681607,True,figure8,2000,2000,10
EXP_321F4363,42,290,4.833333,1,734.723664,1297.819245,-239.504109,57.770794,169.776855,-762.417268,True,figure8,2000,2000,10
EXP_321F4363,42,291,4.85,1,730.755627,1298.676093,-236.653289,45.044806,172.316399,-764.610797,True,figure8,2000,2000,10
EXP_321F4363,42,292,4.866667,1,726.835455,1299.320561,-233.760399,32.286788,174.825309,-766.260636,True,figure8,2000,2000,10
EXP_321F4363,42,293,4.883333,1,722.963845,1299.752191,-230.825952,19.505812,177.303139,-767.36561,True,figure8,2000,2000,10
EXP_321F4363,42,294,4.9,1,719.141485,1299.970678,-227.850469,6.710966,179.74945,-767.924935,True,figure8,2000,2000,10
EXP_321F4363,42,295,4.916667,1,715.369054,1299.975864,-224.834481,-6.088652,182.163805,-767.938211,True,figure8,2000,2000,10
EXP_321F4363,42,296,4.933333,1,711.647224,1299.767747,-221.778522,-18.883941,184.545777,-767.405431,True,figure8,2000,2000,10
EXP_321F4363,42,297,4.95,1,707.976656,1299.346474,-218.683137,-31.665802,186.89494,-766.326973,True,figure8,2000,2000,10
EXP_321F4363,42,298,4.966667,1,704.358002,1298.712345,-215.548876,-44.425146,189.210879,-764.703603,True,figure8,2000,2000,10
EXP_321F4363,42,299,4.983333,1,700.791906,1297.865811,-212.376295,-57.152901,191.49318,-762.536476,True,figure8,2000,2000,10
EXP_321F4363,42,300,5.0,1,697.279002,1296.807474,-209.165959,-69.840016,193.741439,-759.827133,True,figure8,2000,2000,10
